<?xml version="1.0" encoding="UTF-8" standalone="no"?>
<!DOCTYPE score-partwise PUBLIC "-//Recordare//DTD MusicXML 3.0 Partwise//EN" "http://www.musicxml.org/dtds/partwise.dtd">
<score-partwise version="3.0">
  <movement-title>1.xml</movement-title>
  <identification>
    <creator type="composer">Music21</creator>
    <encoding>
      <software>Finale 2014.5 for Windows</software>
      <software>Dolet Light for Finale 2014.5</software>
      <encoding-date>2016-10-29</encoding-date>
      <supports attribute="new-system" element="print" type="yes" value="yes"/>
      <supports attribute="new-page" element="print" type="yes" value="yes"/>
      <supports element="accidental" type="yes"/>
      <supports element="beam" type="yes"/>
      <supports element="stem" type="yes"/>
    </encoding>
  </identification>
  <defaults>
    <scaling>
      <millimeters>7.1967</millimeters>
      <tenths>40</tenths>
    </scaling>
    <page-layout>
      <page-height>1553</page-height>
      <page-width>1200</page-width>
      <page-margins type="both">
        <left-margin>70</left-margin>
        <right-margin>70</right-margin>
        <top-margin>88</top-margin>
        <bottom-margin>88</bottom-margin>
      </page-margins>
    </page-layout>
    <system-layout>
      <system-margins>
        <left-margin>0</left-margin>
        <right-margin>0</right-margin>
      </system-margins>
      <system-distance>121</system-distance>
      <top-system-distance>70</top-system-distance>
    </system-layout>
    <staff-layout>
      <staff-distance>60</staff-distance>
    </staff-layout>
    <appearance>
      <line-width type="stem">0.7487</line-width>
      <line-width type="beam">5</line-width>
      <line-width type="staff">0.7487</line-width>
      <line-width type="light barline">0.7487</line-width>
      <line-width type="heavy barline">5</line-width>
      <line-width type="leger">0.7487</line-width>
      <line-width type="ending">0.7487</line-width>
      <line-width type="wedge">0.7487</line-width>
      <line-width type="enclosure">0.7487</line-width>
      <line-width type="tuplet bracket">0.7487</line-width>
      <note-size type="grace">60</note-size>
      <note-size type="cue">60</note-size>
      <distance type="hyphen">120</distance>
      <distance type="beam">8</distance>
    </appearance>
    <music-font font-family="Maestro,engraved" font-size="20.4"/>
    <word-font font-family="Times New Roman" font-size="10.2"/>
  </defaults>
  <credit page="1">
    <credit-words default-x="71" default-y="1460" font-size="12" valign="top">Score</credit-words>
  </credit>
  <part-list>
    <score-part id="P1">
      <part-name>Track 1</part-name>
      <score-instrument id="P1-I1">
        <instrument-name>Acoustic Grand Piano</instrument-name>
      </score-instrument>
      <midi-instrument id="P1-I1">
        <midi-channel>1</midi-channel>
        <midi-program>1</midi-program>
      </midi-instrument>
    </score-part>
    <score-part id="P2">
      <part-name>Track 2</part-name>
      <score-instrument id="P2-I2">
        <instrument-name>Acoustic Grand Piano</instrument-name>
      </score-instrument>
      <midi-instrument id="P2-I2">
        <midi-channel>2</midi-channel>
        <midi-program>1</midi-program>
      </midi-instrument>
    </score-part>
  </part-list>
  <!--=========================================================-->
  <part id="P1">
    <measure number="1" width="213">
      <print>
        <system-layout>
          <system-margins>
            <left-margin>70</left-margin>
            <right-margin>0</right-margin>
          </system-margins>
          <top-system-distance>211</top-system-distance>
        </system-layout>
        <measure-numbering>system</measure-numbering>
      </print>
      <attributes>
        <divisions>4</divisions>
        <key>
          <fifths>-1</fifths>
          <mode>major</mode>
        </key>
        <time>
          <beats>3</beats>
          <beat-type>4</beat-type>
        </time>
        <clef>
          <sign>G</sign>
          <line>2</line>
        </clef>
      </attributes>
      <sound tempo="120"/>
      <note>
        <rest measure="yes"/>
        <duration>12</duration>
        <voice>1</voice>
      </note>
    </measure>
    <!--=======================================================-->
    <measure number="2" width="192">
      <note default-x="16">
        <pitch>
          <step>C</step>
          <octave>5</octave>
        </pitch>
        <duration>6</duration>
        <voice>1</voice>
        <type>quarter</type>
        <dot/>
        <stem default-y="-50">down</stem>
        <notations>
          <technical>
            <fingering default-x="3" default-y="-7" placement="above">1</fingering>
          </technical>
        </notations>
      </note>
      <note default-x="99">
        <pitch>
          <step>F</step>
          <octave>5</octave>
        </pitch>
        <duration>2</duration>
        <voice>1</voice>
        <type>eighth</type>
        <stem default-y="-35.5">down</stem>
        <notations>
          <technical>
            <fingering default-x="2" default-y="10" placement="above">3</fingering>
          </technical>
        </notations>
      </note>
      <note default-x="125">
        <pitch>
          <step>A</step>
          <octave>5</octave>
        </pitch>
        <duration>2</duration>
        <voice>1</voice>
        <type>eighth</type>
        <stem default-y="-30">down</stem>
        <beam number="1">begin</beam>
        <notations>
          <technical>
            <fingering default-x="2" default-y="20" placement="above">5</fingering>
          </technical>
        </notations>
      </note>
      <note default-x="165">
        <pitch>
          <step>F</step>
          <octave>5</octave>
        </pitch>
        <duration>2</duration>
        <voice>1</voice>
        <type>eighth</type>
        <stem default-y="-35">down</stem>
        <beam number="1">end</beam>
        <notations>
          <technical>
            <fingering default-x="1" default-y="10" placement="above">3</fingering>
          </technical>
        </notations>
      </note>
    </measure>
    <!--=======================================================-->
    <measure number="3" width="198">
      <note default-x="16">
        <pitch>
          <step>C</step>
          <octave>5</octave>
        </pitch>
        <duration>6</duration>
        <voice>1</voice>
        <type>quarter</type>
        <dot/>
        <stem default-y="-50">down</stem>
        <notations>
          <technical>
            <fingering default-x="3" default-y="-7" placement="above">1</fingering>
          </technical>
        </notations>
      </note>
      <note default-x="99">
        <pitch>
          <step>A</step>
          <octave>4</octave>
        </pitch>
        <duration>2</duration>
        <voice>1</voice>
        <type>eighth</type>
        <stem default-y="10.5">up</stem>
        <notations>
          <technical>
            <fingering default-x="2" default-y="17" placement="above">2</fingering>
          </technical>
        </notations>
      </note>
      <note default-x="131">
        <pitch>
          <step>F</step>
          <octave>4</octave>
        </pitch>
        <duration>2</duration>
        <voice>1</voice>
        <type>eighth</type>
        <stem default-y="20">up</stem>
        <beam number="1">begin</beam>
        <notations>
          <technical>
            <fingering default-x="3" default-y="25" placement="above">1</fingering>
          </technical>
        </notations>
      </note>
      <note default-x="171">
        <pitch>
          <step>D</step>
          <octave>5</octave>
        </pitch>
        <duration>2</duration>
        <voice>1</voice>
        <type>eighth</type>
        <stem default-y="25">up</stem>
        <beam number="1">end</beam>
        <notations>
          <technical>
            <fingering default-x="3" default-y="30" placement="above">5</fingering>
          </technical>
        </notations>
      </note>
    </measure>
    <!--=======================================================-->
    <measure number="4" width="198">
      <note default-x="16">
        <pitch>
          <step>C</step>
          <octave>5</octave>
        </pitch>
        <duration>6</duration>
        <voice>1</voice>
        <type>quarter</type>
        <dot/>
        <stem default-y="-50">down</stem>
        <notations>
          <technical>
            <fingering default-x="1" default-y="-7" placement="above">4</fingering>
          </technical>
        </notations>
      </note>
      <note default-x="99">
        <pitch>
          <step>A</step>
          <octave>4</octave>
        </pitch>
        <duration>2</duration>
        <voice>1</voice>
        <type>eighth</type>
        <stem default-y="10.5">up</stem>
        <notations>
          <technical>
            <fingering default-x="2" default-y="17" placement="above">3</fingering>
          </technical>
        </notations>
      </note>
      <note default-x="131">
        <pitch>
          <step>F</step>
          <octave>4</octave>
        </pitch>
        <duration>2</duration>
        <voice>1</voice>
        <type>eighth</type>
        <stem default-y="20">up</stem>
        <beam number="1">begin</beam>
        <notations>
          <technical>
            <fingering default-x="3" default-y="25" placement="above">1</fingering>
          </technical>
        </notations>
      </note>
      <note default-x="171">
        <pitch>
          <step>D</step>
          <octave>5</octave>
        </pitch>
        <duration>2</duration>
        <voice>1</voice>
        <type>eighth</type>
        <stem default-y="25">up</stem>
        <beam number="1">end</beam>
        <notations>
          <technical>
            <fingering default-x="2" default-y="30" placement="above">5</fingering>
          </technical>
        </notations>
      </note>
    </measure>
    <!--=======================================================-->
    <measure number="5" width="190">
      <note default-x="17">
        <pitch>
          <step>C</step>
          <octave>5</octave>
        </pitch>
        <duration>8</duration>
        <voice>1</voice>
        <type>half</type>
        <stem default-y="-50">down</stem>
        <notations>
          <technical>
            <fingering default-x="1" default-y="-7" placement="above">4</fingering>
          </technical>
        </notations>
      </note>
      <note default-x="122">
        <pitch>
          <step>A</step>
          <octave>4</octave>
        </pitch>
        <duration>2</duration>
        <voice>1</voice>
        <type>eighth</type>
        <stem default-y="10.5">up</stem>
        <notations>
          <technical>
            <fingering default-x="1" default-y="17" placement="above">2</fingering>
          </technical>
        </notations>
      </note>
      <note default-x="163">
        <rest/>
        <duration>2</duration>
        <voice>1</voice>
        <type>eighth</type>
      </note>
    </measure>
    <!--=======================================================-->
    <measure number="6" width="254">
      <print new-system="yes">
        <system-layout>
          <system-distance>114</system-distance>
        </system-layout>
      </print>
      <note default-x="81">
        <pitch>
          <step>C</step>
          <octave>5</octave>
        </pitch>
        <duration>6</duration>
        <voice>1</voice>
        <type>quarter</type>
        <dot/>
        <stem default-y="-50.5">down</stem>
        <notations>
          <technical>
            <fingering default-x="2" default-y="-7" placement="above">1</fingering>
          </technical>
        </notations>
      </note>
      <note default-x="162">
        <pitch>
          <step>F</step>
          <octave>5</octave>
        </pitch>
        <duration>2</duration>
        <voice>1</voice>
        <type>eighth</type>
        <stem default-y="-35">down</stem>
        <notations>
          <technical>
            <fingering default-x="2" default-y="10" placement="above">3</fingering>
          </technical>
        </notations>
      </note>
      <note default-x="187">
        <pitch>
          <step>A</step>
          <octave>5</octave>
        </pitch>
        <duration>2</duration>
        <voice>1</voice>
        <type>eighth</type>
        <stem default-y="-30">down</stem>
        <beam number="1">begin</beam>
        <notations>
          <technical>
            <fingering default-x="2" default-y="20" placement="above">5</fingering>
          </technical>
        </notations>
      </note>
      <note default-x="227">
        <pitch>
          <step>F</step>
          <octave>5</octave>
        </pitch>
        <duration>2</duration>
        <voice>1</voice>
        <type>eighth</type>
        <stem default-y="-35">down</stem>
        <beam number="1">end</beam>
        <notations>
          <technical>
            <fingering default-x="2" default-y="10" placement="above">3</fingering>
          </technical>
        </notations>
      </note>
    </measure>
    <!--=======================================================-->
    <measure number="7" width="189">
      <note default-x="17">
        <pitch>
          <step>E</step>
          <octave>5</octave>
        </pitch>
        <duration>6</duration>
        <voice>1</voice>
        <type>quarter</type>
        <dot/>
        <stem default-y="-40">down</stem>
        <notations>
          <technical>
            <fingering default-x="2" default-y="5" placement="above">2</fingering>
          </technical>
        </notations>
      </note>
      <note default-x="97">
        <pitch>
          <step>G</step>
          <octave>5</octave>
        </pitch>
        <duration>2</duration>
        <voice>1</voice>
        <type>eighth</type>
        <stem default-y="-30">down</stem>
        <notations>
          <technical>
            <fingering default-x="2" default-y="15" placement="above">1</fingering>
          </technical>
        </notations>
      </note>
      <note default-x="122">
        <pitch>
          <step>E</step>
          <octave>6</octave>
        </pitch>
        <duration>2</duration>
        <voice>1</voice>
        <type>eighth</type>
        <stem default-y="-20">down</stem>
        <beam number="1">begin</beam>
        <notations>
          <technical>
            <fingering default-x="2" default-y="40" placement="above">5</fingering>
          </technical>
        </notations>
      </note>
      <note default-x="163">
        <pitch>
          <step>C</step>
          <octave>6</octave>
        </pitch>
        <duration>2</duration>
        <voice>1</voice>
        <type>eighth</type>
        <stem default-y="-25">down</stem>
        <beam number="1">end</beam>
        <notations>
          <technical>
            <fingering default-x="2" default-y="30" placement="above">3</fingering>
          </technical>
        </notations>
      </note>
    </measure>
    <!--=======================================================-->
    <measure number="8" width="212">
      <note default-x="25">
        <pitch>
          <step>B</step>
          <octave>5</octave>
        </pitch>
        <duration>2</duration>
        <voice>1</voice>
        <type>eighth</type>
        <accidental>natural</accidental>
        <stem default-y="-25">down</stem>
        <beam number="1">begin</beam>
        <notations>
          <technical>
            <fingering default-x="2" default-y="25" placement="above">2</fingering>
          </technical>
        </notations>
      </note>
      <note default-x="52">
        <pitch>
          <step>F</step>
          <octave>6</octave>
        </pitch>
        <duration>2</duration>
        <voice>1</voice>
        <type>eighth</type>
        <stem default-y="-20">down</stem>
        <beam number="1">end</beam>
        <notations>
          <technical>
            <fingering default-x="2" default-y="45" placement="above">5</fingering>
          </technical>
        </notations>
      </note>
      <note default-x="79">
        <pitch>
          <step>D</step>
          <octave>6</octave>
        </pitch>
        <duration>2</duration>
        <voice>1</voice>
        <type>eighth</type>
        <stem default-y="-20">down</stem>
        <beam number="1">begin</beam>
        <notations>
          <technical>
            <fingering default-x="1" default-y="35" placement="above">4</fingering>
          </technical>
        </notations>
      </note>
      <note default-x="119">
        <pitch>
          <step>B</step>
          <octave>5</octave>
        </pitch>
        <duration>2</duration>
        <voice>1</voice>
        <type>eighth</type>
        <stem default-y="-25">down</stem>
        <beam number="1">end</beam>
        <notations>
          <technical>
            <fingering default-x="2" default-y="25" placement="above">2</fingering>
          </technical>
        </notations>
      </note>
      <note default-x="145">
        <pitch>
          <step>G</step>
          <octave>5</octave>
        </pitch>
        <duration>2</duration>
        <voice>1</voice>
        <type>eighth</type>
        <stem default-y="-30">down</stem>
        <beam number="1">begin</beam>
        <notations>
          <technical>
            <fingering default-x="3" default-y="15" placement="above">1</fingering>
          </technical>
        </notations>
      </note>
      <note default-x="185">
        <pitch>
          <step>B</step>
          <octave>5</octave>
        </pitch>
        <duration>2</duration>
        <voice>1</voice>
        <type>eighth</type>
        <stem default-y="-25">down</stem>
        <beam number="1">end</beam>
        <notations>
          <technical>
            <fingering default-x="2" default-y="25" placement="above">2</fingering>
          </technical>
        </notations>
      </note>
    </measure>
    <!--=======================================================-->
    <measure number="9" width="211">
      <note default-x="16">
        <pitch>
          <step>C</step>
          <octave>6</octave>
        </pitch>
        <duration>6</duration>
        <voice>1</voice>
        <type>quarter</type>
        <dot/>
        <stem default-y="-20">down</stem>
        <notations>
          <technical>
            <fingering default-x="2" default-y="30" placement="above">3</fingering>
          </technical>
        </notations>
      </note>
      <note default-x="120">
        <rest/>
        <duration>2</duration>
        <voice>1</voice>
        <type>eighth</type>
      </note>
      <note default-x="147">
        <rest/>
        <duration>4</duration>
        <voice>1</voice>
        <type>quarter</type>
      </note>
    </measure>
    <!--=======================================================-->
    <measure number="10" width="195">
      <note default-x="17">
        <pitch>
          <step>C</step>
          <octave>5</octave>
        </pitch>
        <duration>2</duration>
        <voice>1</voice>
        <type>eighth</type>
        <stem default-y="-50">down</stem>
        <beam number="1">begin</beam>
        <notations>
          <technical>
            <fingering default-x="2" default-y="-7" placement="above">1</fingering>
          </technical>
        </notations>
      </note>
      <note default-x="42">
        <pitch>
          <step>B</step>
          <alter>-1</alter>
          <octave>5</octave>
        </pitch>
        <duration>2</duration>
        <voice>1</voice>
        <type>eighth</type>
        <stem default-y="-45">down</stem>
        <beam number="1">end</beam>
        <notations>
          <technical>
            <fingering default-x="2" default-y="25" placement="above">5</fingering>
          </technical>
        </notations>
      </note>
      <note default-x="67">
        <pitch>
          <step>G</step>
          <octave>5</octave>
        </pitch>
        <duration>6</duration>
        <voice>1</voice>
        <type>quarter</type>
        <dot/>
        <stem default-y="-30">down</stem>
        <notations>
          <technical>
            <fingering default-x="2" default-y="15" placement="above">3</fingering>
          </technical>
        </notations>
      </note>
      <note default-x="169">
        <pitch>
          <step>C</step>
          <octave>5</octave>
        </pitch>
        <duration>2</duration>
        <voice>1</voice>
        <type>eighth</type>
        <stem default-y="-50.5">down</stem>
        <notations>
          <technical>
            <fingering default-x="3" default-y="-7" placement="above">1</fingering>
          </technical>
        </notations>
      </note>
    </measure>
    <!--=======================================================-->
    <measure number="11" width="264">
      <print new-system="yes">
        <system-layout>
          <system-distance>114</system-distance>
        </system-layout>
      </print>
      <note default-x="81">
        <pitch>
          <step>C</step>
          <octave>5</octave>
        </pitch>
        <duration>2</duration>
        <voice>1</voice>
        <type>eighth</type>
        <stem default-y="-50">down</stem>
        <beam number="1">begin</beam>
        <notations>
          <technical>
            <fingering default-x="2" default-y="-7" placement="above">1</fingering>
          </technical>
        </notations>
      </note>
      <note default-x="107">
        <pitch>
          <step>A</step>
          <octave>5</octave>
        </pitch>
        <duration>2</duration>
        <voice>1</voice>
        <type>eighth</type>
        <stem default-y="-45">down</stem>
        <beam number="1">end</beam>
        <notations>
          <technical>
            <fingering default-x="2" default-y="20" placement="above">3</fingering>
          </technical>
        </notations>
      </note>
      <note default-x="133">
        <pitch>
          <step>F</step>
          <octave>5</octave>
        </pitch>
        <duration>6</duration>
        <voice>1</voice>
        <type>quarter</type>
        <dot/>
        <stem default-y="-35.5">down</stem>
        <notations>
          <technical>
            <fingering default-x="2" default-y="10" placement="above">5</fingering>
          </technical>
        </notations>
      </note>
      <note default-x="237">
        <pitch>
          <step>C</step>
          <octave>5</octave>
        </pitch>
        <duration>2</duration>
        <voice>1</voice>
        <type>eighth</type>
        <stem default-y="-50">down</stem>
        <notations>
          <technical>
            <fingering default-x="3" default-y="-7" placement="above">1</fingering>
          </technical>
        </notations>
      </note>
    </measure>
    <!--=======================================================-->
    <measure number="12" width="204">
      <note default-x="16">
        <pitch>
          <step>C</step>
          <octave>5</octave>
        </pitch>
        <duration>2</duration>
        <voice>1</voice>
        <type>eighth</type>
        <stem default-y="-50">down</stem>
        <beam number="1">begin</beam>
        <notations>
          <technical>
            <fingering default-x="2" default-y="-7" placement="above">2</fingering>
          </technical>
        </notations>
      </note>
      <note default-x="43">
        <pitch>
          <step>E</step>
          <octave>5</octave>
        </pitch>
        <duration>2</duration>
        <voice>1</voice>
        <type>eighth</type>
        <stem default-y="-45">down</stem>
        <beam number="1">end</beam>
        <notations>
          <technical>
            <fingering default-x="2" default-y="5" placement="above">1</fingering>
          </technical>
        </notations>
      </note>
      <note default-x="68">
        <pitch>
          <step>G</step>
          <octave>5</octave>
        </pitch>
        <duration>2</duration>
        <voice>1</voice>
        <type>eighth</type>
        <stem default-y="-30">down</stem>
        <beam number="1">begin</beam>
        <notations>
          <technical>
            <fingering default-x="2" default-y="15" placement="above">2</fingering>
          </technical>
        </notations>
      </note>
      <note default-x="109">
        <pitch>
          <step>B</step>
          <alter>-1</alter>
          <octave>5</octave>
        </pitch>
        <duration>2</duration>
        <voice>1</voice>
        <type>eighth</type>
        <stem default-y="-25">down</stem>
        <beam number="1">end</beam>
        <notations>
          <technical>
            <fingering default-x="2" default-y="25" placement="above">3</fingering>
          </technical>
        </notations>
      </note>
      <note default-x="137">
        <pitch>
          <step>D</step>
          <octave>6</octave>
        </pitch>
        <duration>2</duration>
        <voice>1</voice>
        <type>eighth</type>
        <stem default-y="-20">down</stem>
        <beam number="1">begin</beam>
        <notations>
          <technical>
            <fingering default-x="2" default-y="35" placement="above">5</fingering>
          </technical>
        </notations>
      </note>
      <note default-x="177">
        <pitch>
          <step>C</step>
          <octave>6</octave>
        </pitch>
        <duration>2</duration>
        <voice>1</voice>
        <type>eighth</type>
        <stem default-y="-25">down</stem>
        <beam number="1">end</beam>
        <notations>
          <technical>
            <fingering default-x="1" default-y="30" placement="above">4</fingering>
          </technical>
        </notations>
      </note>
    </measure>
    <!--=======================================================-->
    <measure number="13" width="196">
      <note default-x="17">
        <pitch>
          <step>C</step>
          <octave>6</octave>
        </pitch>
        <duration>8</duration>
        <voice>1</voice>
        <type>half</type>
        <stem default-y="-20">down</stem>
        <notations>
          <technical>
            <fingering default-x="2" default-y="31" placement="above">5</fingering>
          </technical>
        </notations>
      </note>
      <note default-x="123">
        <pitch>
          <step>A</step>
          <octave>5</octave>
        </pitch>
        <duration>3</duration>
        <voice>1</voice>
        <type>eighth</type>
        <dot/>
        <stem default-y="-25">down</stem>
        <notations>
          <technical>
            <fingering default-x="2" default-y="20" placement="above">3</fingering>
          </technical>
        </notations>
      </note>
      <note default-x="175">
        <rest/>
        <duration>1</duration>
        <voice>1</voice>
        <type>16th</type>
      </note>
    </measure>
    <!--=======================================================-->
    <measure number="14" width="199">
      <note default-x="16">
        <pitch>
          <step>C</step>
          <octave>5</octave>
        </pitch>
        <duration>2</duration>
        <voice>1</voice>
        <type>eighth</type>
        <stem default-y="-50">down</stem>
        <beam number="1">begin</beam>
        <notations>
          <technical>
            <fingering default-x="3" default-y="-7" placement="above">1</fingering>
          </technical>
        </notations>
      </note>
      <note default-x="42">
        <pitch>
          <step>B</step>
          <alter>-1</alter>
          <octave>5</octave>
        </pitch>
        <duration>2</duration>
        <voice>1</voice>
        <type>eighth</type>
        <stem default-y="-45">down</stem>
        <beam number="1">end</beam>
        <notations>
          <technical>
            <fingering default-x="2" default-y="25" placement="above">5</fingering>
          </technical>
        </notations>
      </note>
      <note default-x="68">
        <pitch>
          <step>G</step>
          <octave>5</octave>
        </pitch>
        <duration>6</duration>
        <voice>1</voice>
        <type>quarter</type>
        <dot/>
        <stem default-y="-30">down</stem>
        <notations>
          <technical>
            <fingering default-x="2" default-y="15" placement="above">3</fingering>
          </technical>
        </notations>
      </note>
      <note default-x="172">
        <pitch>
          <step>C</step>
          <octave>5</octave>
        </pitch>
        <duration>2</duration>
        <voice>1</voice>
        <type>eighth</type>
        <stem default-y="-50">down</stem>
        <notations>
          <technical>
            <fingering default-x="3" default-y="-7" placement="above">1</fingering>
          </technical>
        </notations>
      </note>
    </measure>
    <!--=======================================================-->
    <measure number="15" width="198">
      <note default-x="17">
        <pitch>
          <step>C</step>
          <octave>5</octave>
        </pitch>
        <duration>2</duration>
        <voice>1</voice>
        <type>eighth</type>
        <stem default-y="-50">down</stem>
        <beam number="1">begin</beam>
        <notations>
          <technical>
            <fingering default-x="3" default-y="-7" placement="above">1</fingering>
          </technical>
        </notations>
      </note>
      <note default-x="42">
        <pitch>
          <step>A</step>
          <octave>5</octave>
        </pitch>
        <duration>2</duration>
        <voice>1</voice>
        <type>eighth</type>
        <stem default-y="-45">down</stem>
        <beam number="1">end</beam>
        <notations>
          <technical>
            <fingering default-x="1" default-y="20" placement="above">4</fingering>
          </technical>
        </notations>
      </note>
      <note default-x="68">
        <pitch>
          <step>F</step>
          <octave>5</octave>
        </pitch>
        <duration>6</duration>
        <voice>1</voice>
        <type>quarter</type>
        <dot/>
        <stem default-y="-35.5">down</stem>
        <notations>
          <technical>
            <fingering default-x="2" default-y="10" placement="above">2</fingering>
          </technical>
        </notations>
      </note>
      <note default-x="171">
        <pitch>
          <step>C</step>
          <octave>6</octave>
        </pitch>
        <duration>2</duration>
        <voice>1</voice>
        <type>eighth</type>
        <stem default-y="-20">down</stem>
        <notations>
          <technical>
            <fingering default-x="2" default-y="30" placement="above">5</fingering>
          </technical>
        </notations>
      </note>
    </measure>
    <!--=======================================================-->
    <measure number="16" width="546">
      <print new-system="yes">
        <system-layout>
          <system-distance>114</system-distance>
        </system-layout>
      </print>
      <note default-x="81">
        <pitch>
          <step>C</step>
          <octave>6</octave>
        </pitch>
        <duration>2</duration>
        <voice>1</voice>
        <type>eighth</type>
        <stem default-y="-20">down</stem>
        <beam number="1">begin</beam>
        <notations>
          <technical>
            <fingering default-x="2" default-y="30" placement="above">5</fingering>
          </technical>
        </notations>
      </note>
      <note default-x="157">
        <pitch>
          <step>B</step>
          <alter>-1</alter>
          <octave>5</octave>
        </pitch>
        <duration>2</duration>
        <voice>1</voice>
        <type>eighth</type>
        <stem default-y="-25">down</stem>
        <beam number="1">end</beam>
        <notations>
          <technical>
            <fingering default-x="1" default-y="25" placement="above">4</fingering>
          </technical>
        </notations>
      </note>
      <note default-x="233">
        <pitch>
          <step>G</step>
          <octave>5</octave>
        </pitch>
        <duration>2</duration>
        <voice>1</voice>
        <type>eighth</type>
        <stem default-y="-35">down</stem>
        <beam number="1">begin</beam>
        <notations>
          <technical>
            <fingering default-x="2" default-y="15" placement="above">3</fingering>
          </technical>
        </notations>
      </note>
      <note default-x="313">
        <pitch>
          <step>E</step>
          <octave>5</octave>
        </pitch>
        <duration>2</duration>
        <voice>1</voice>
        <type>eighth</type>
        <stem default-y="-40">down</stem>
        <beam number="1">end</beam>
        <notations>
          <technical>
            <fingering default-x="2" default-y="5" placement="above">2</fingering>
          </technical>
        </notations>
      </note>
      <note default-x="389">
        <pitch>
          <step>C</step>
          <octave>5</octave>
        </pitch>
        <duration>2</duration>
        <voice>1</voice>
        <type>eighth</type>
        <stem default-y="-50">down</stem>
        <beam number="1">begin</beam>
        <notations>
          <technical>
            <fingering default-x="3" default-y="-7" placement="above">1</fingering>
          </technical>
        </notations>
      </note>
      <note default-x="469">
        <pitch>
          <step>E</step>
          <octave>5</octave>
        </pitch>
        <duration>2</duration>
        <voice>1</voice>
        <type>eighth</type>
        <stem default-y="-45">down</stem>
        <beam number="1">end</beam>
        <notations>
          <technical>
            <fingering default-x="2" default-y="5" placement="above">2</fingering>
          </technical>
        </notations>
      </note>
    </measure>
    <!--=======================================================-->
    <measure number="17" width="514">
      <note default-x="16">
        <pitch>
          <step>F</step>
          <octave>5</octave>
        </pitch>
        <duration>6</duration>
        <voice>1</voice>
        <type>quarter</type>
        <dot/>
        <stem default-y="-35">down</stem>
        <notations>
          <technical>
            <fingering default-x="2" default-y="10" placement="above">3</fingering>
          </technical>
        </notations>
      </note>
      <note default-x="263">
        <rest/>
        <duration>2</duration>
        <voice>1</voice>
        <type>eighth</type>
      </note>
      <note default-x="345">
        <rest/>
        <duration>4</duration>
        <voice>1</voice>
        <type>quarter</type>
      </note>
      <barline location="right">
        <bar-style>light-heavy</bar-style>
      </barline>
    </measure>
  </part>
  <!--=========================================================-->
  <part id="P2">
    <measure number="1" width="213">
      <print>
        <measure-numbering>none</measure-numbering>
      </print>
      <attributes>
        <divisions>4</divisions>
        <key>
          <fifths>-1</fifths>
          <mode>major</mode>
        </key>
        <time>
          <beats>3</beats>
          <beat-type>4</beat-type>
        </time>
        <clef>
          <sign>G</sign>
          <line>2</line>
        </clef>
      </attributes>
      <sound tempo="120"/>
      <note>
        <rest measure="yes"/>
        <duration>12</duration>
        <voice>1</voice>
      </note>
    </measure>
    <!--=======================================================-->
    <measure number="2" width="192">
      <note default-x="16">
        <pitch>
          <step>F</step>
          <octave>3</octave>
        </pitch>
        <duration>4</duration>
        <voice>1</voice>
        <type>quarter</type>
        <stem default-y="-19">up</stem>
        <notations>
          <technical>
            <fingering default-x="1" default-y="-17" placement="above">4</fingering>
          </technical>
        </notations>
      </note>
      <note default-x="58">
        <pitch>
          <step>A</step>
          <octave>3</octave>
        </pitch>
        <duration>1</duration>
        <voice>1</voice>
        <type>16th</type>
        <stem default-y="-14.5">up</stem>
        <notations>
          <technical>
            <fingering default-x="2" default-y="-7" placement="above">2</fingering>
            <fingering default-x="3" default-y="-7" placement="above">1</fingering>
          </technical>
        </notations>
      </note>
      <note default-x="58">
        <chord/>
        <pitch>
          <step>C</step>
          <octave>4</octave>
        </pitch>
        <duration>1</duration>
        <voice>1</voice>
        <type>16th</type>
        <stem>up</stem>
      </note>
      <note default-x="87">
        <rest/>
        <duration>3</duration>
        <voice>1</voice>
        <type>eighth</type>
        <dot/>
      </note>
      <note default-x="125">
        <pitch>
          <step>A</step>
          <octave>3</octave>
        </pitch>
        <duration>1</duration>
        <voice>1</voice>
        <type>16th</type>
        <stem default-y="-14.5">up</stem>
        <notations>
          <technical>
            <fingering default-x="2" default-y="-7" placement="above">2</fingering>
            <fingering default-x="3" default-y="-7" placement="above">1</fingering>
          </technical>
        </notations>
      </note>
      <note default-x="125">
        <chord/>
        <pitch>
          <step>C</step>
          <octave>4</octave>
        </pitch>
        <duration>1</duration>
        <voice>1</voice>
        <type>16th</type>
        <stem>up</stem>
      </note>
      <note default-x="154">
        <rest/>
        <duration>3</duration>
        <voice>1</voice>
        <type>eighth</type>
        <dot/>
      </note>
    </measure>
    <!--=======================================================-->
    <measure number="3" width="198">
      <note default-x="16">
        <pitch>
          <step>F</step>
          <octave>3</octave>
        </pitch>
        <duration>4</duration>
        <voice>1</voice>
        <type>quarter</type>
        <stem default-y="-19">up</stem>
        <notations>
          <technical>
            <fingering default-x="1" default-y="-17" placement="above">4</fingering>
          </technical>
        </notations>
      </note>
      <note default-x="59">
        <pitch>
          <step>A</step>
          <octave>3</octave>
        </pitch>
        <duration>1</duration>
        <voice>1</voice>
        <type>16th</type>
        <stem default-y="-14.5">up</stem>
        <notations>
          <technical>
            <fingering default-x="2" default-y="-7" placement="above">2</fingering>
            <fingering default-x="3" default-y="-7" placement="above">1</fingering>
          </technical>
        </notations>
      </note>
      <note default-x="59">
        <chord/>
        <pitch>
          <step>C</step>
          <octave>4</octave>
        </pitch>
        <duration>1</duration>
        <voice>1</voice>
        <type>16th</type>
        <stem>up</stem>
      </note>
      <note default-x="88">
        <rest/>
        <duration>3</duration>
        <voice>1</voice>
        <type>eighth</type>
        <dot/>
      </note>
      <note default-x="131">
        <pitch>
          <step>A</step>
          <octave>3</octave>
        </pitch>
        <duration>1</duration>
        <voice>1</voice>
        <type>16th</type>
        <stem default-y="-14.5">up</stem>
        <notations>
          <technical>
            <fingering default-x="2" default-y="-7" placement="above">2</fingering>
            <fingering default-x="3" default-y="-7" placement="above">1</fingering>
          </technical>
        </notations>
      </note>
      <note default-x="131">
        <chord/>
        <pitch>
          <step>C</step>
          <octave>4</octave>
        </pitch>
        <duration>1</duration>
        <voice>1</voice>
        <type>16th</type>
        <stem>up</stem>
      </note>
      <note default-x="159">
        <rest/>
        <duration>3</duration>
        <voice>1</voice>
        <type>eighth</type>
        <dot/>
      </note>
    </measure>
    <!--=======================================================-->
    <measure number="4" width="198">
      <note default-x="16">
        <pitch>
          <step>E</step>
          <octave>3</octave>
        </pitch>
        <duration>4</duration>
        <voice>1</voice>
        <type>quarter</type>
        <stem default-y="-19">up</stem>
        <notations>
          <technical>
            <fingering default-x="2" default-y="-17" placement="above">5</fingering>
          </technical>
        </notations>
      </note>
      <note default-x="59">
        <pitch>
          <step>G</step>
          <octave>3</octave>
        </pitch>
        <duration>1</duration>
        <voice>1</voice>
        <type>16th</type>
        <stem default-y="-14.5">up</stem>
        <notations>
          <technical>
            <fingering default-x="1" default-y="-7" placement="above">3</fingering>
            <fingering default-x="2" default-y="-7" placement="above">1</fingering>
          </technical>
        </notations>
      </note>
      <note default-x="59">
        <chord/>
        <pitch>
          <step>C</step>
          <octave>4</octave>
        </pitch>
        <duration>1</duration>
        <voice>1</voice>
        <type>16th</type>
        <stem>up</stem>
      </note>
      <note default-x="87">
        <rest/>
        <duration>3</duration>
        <voice>1</voice>
        <type>eighth</type>
        <dot/>
      </note>
      <note default-x="131">
        <pitch>
          <step>G</step>
          <octave>3</octave>
        </pitch>
        <duration>1</duration>
        <voice>1</voice>
        <type>16th</type>
        <stem default-y="-14.5">up</stem>
        <notations>
          <technical>
            <fingering default-x="2" default-y="-7" placement="above">3</fingering>
            <fingering default-x="3" default-y="-7" placement="above">1</fingering>
          </technical>
        </notations>
      </note>
      <note default-x="131">
        <chord/>
        <pitch>
          <step>C</step>
          <octave>4</octave>
        </pitch>
        <duration>1</duration>
        <voice>1</voice>
        <type>16th</type>
        <stem>up</stem>
      </note>
      <note default-x="159">
        <rest/>
        <duration>3</duration>
        <voice>1</voice>
        <type>eighth</type>
        <dot/>
      </note>
    </measure>
    <!--=======================================================-->
    <measure number="5" width="190">
      <note default-x="17">
        <pitch>
          <step>F</step>
          <octave>3</octave>
        </pitch>
        <duration>4</duration>
        <voice>1</voice>
        <type>quarter</type>
        <stem default-y="-19">up</stem>
        <notations>
          <technical>
            <fingering default-x="1" default-y="-17" placement="above">4</fingering>
          </technical>
        </notations>
      </note>
      <note default-x="59">
        <pitch>
          <step>A</step>
          <octave>3</octave>
        </pitch>
        <duration>1</duration>
        <voice>1</voice>
        <type>16th</type>
        <stem default-y="-14.5">up</stem>
        <notations>
          <technical>
            <fingering default-x="2" default-y="-7" placement="above">2</fingering>
            <fingering default-x="3" default-y="-7" placement="above">1</fingering>
          </technical>
        </notations>
      </note>
      <note default-x="59">
        <chord/>
        <pitch>
          <step>C</step>
          <octave>4</octave>
        </pitch>
        <duration>1</duration>
        <voice>1</voice>
        <type>16th</type>
        <stem>up</stem>
      </note>
      <note default-x="88">
        <rest/>
        <duration>3</duration>
        <voice>1</voice>
        <type>eighth</type>
        <dot/>
      </note>
      <note default-x="122">
        <pitch>
          <step>A</step>
          <octave>3</octave>
        </pitch>
        <duration>1</duration>
        <voice>1</voice>
        <type>16th</type>
        <stem default-y="-14.5">up</stem>
        <notations>
          <technical>
            <fingering default-x="1" default-y="-7" placement="above">2</fingering>
            <fingering default-x="2" default-y="-7" placement="above">1</fingering>
          </technical>
        </notations>
      </note>
      <note default-x="122">
        <chord/>
        <pitch>
          <step>C</step>
          <octave>4</octave>
        </pitch>
        <duration>1</duration>
        <voice>1</voice>
        <type>16th</type>
        <stem>up</stem>
      </note>
      <note default-x="151">
        <rest/>
        <duration>3</duration>
        <voice>1</voice>
        <type>eighth</type>
        <dot/>
      </note>
    </measure>
    <!--=======================================================-->
    <measure number="6" width="254">
      <print new-system="yes"/>
      <note default-x="81">
        <pitch>
          <step>F</step>
          <octave>3</octave>
        </pitch>
        <duration>4</duration>
        <voice>1</voice>
        <type>quarter</type>
        <stem default-y="-19.5">up</stem>
        <notations>
          <technical>
            <fingering default-x="2" default-y="-17" placement="above">5</fingering>
          </technical>
        </notations>
      </note>
      <note default-x="122">
        <pitch>
          <step>A</step>
          <octave>3</octave>
        </pitch>
        <duration>1</duration>
        <voice>1</voice>
        <type>16th</type>
        <stem default-y="-15">up</stem>
        <notations>
          <technical>
            <fingering default-x="2" default-y="-7" placement="above">3</fingering>
            <fingering default-x="3" default-y="-7" placement="above">1</fingering>
          </technical>
        </notations>
      </note>
      <note default-x="122">
        <chord/>
        <pitch>
          <step>C</step>
          <octave>4</octave>
        </pitch>
        <duration>1</duration>
        <voice>1</voice>
        <type>16th</type>
        <stem>up</stem>
      </note>
      <note default-x="151">
        <rest/>
        <duration>3</duration>
        <voice>1</voice>
        <type>eighth</type>
        <dot/>
      </note>
      <note default-x="187">
        <pitch>
          <step>A</step>
          <octave>3</octave>
        </pitch>
        <duration>1</duration>
        <voice>1</voice>
        <type>16th</type>
        <stem default-y="-15">up</stem>
        <notations>
          <technical>
            <fingering default-x="2" default-y="-7" placement="above">3</fingering>
            <fingering default-x="3" default-y="-7" placement="above">1</fingering>
          </technical>
        </notations>
      </note>
      <note default-x="187">
        <chord/>
        <pitch>
          <step>C</step>
          <octave>4</octave>
        </pitch>
        <duration>1</duration>
        <voice>1</voice>
        <type>16th</type>
        <stem>up</stem>
      </note>
      <note default-x="216">
        <rest/>
        <duration>3</duration>
        <voice>1</voice>
        <type>eighth</type>
        <dot/>
      </note>
    </measure>
    <!--=======================================================-->
    <measure number="7" width="189">
      <note default-x="17">
        <pitch>
          <step>G</step>
          <octave>3</octave>
        </pitch>
        <duration>4</duration>
        <voice>1</voice>
        <type>quarter</type>
        <stem default-y="-19.5">up</stem>
        <notations>
          <technical>
            <fingering default-x="2" default-y="-17" placement="above">5</fingering>
          </technical>
        </notations>
      </note>
      <note default-x="57">
        <pitch>
          <step>C</step>
          <octave>4</octave>
        </pitch>
        <duration>1</duration>
        <voice>1</voice>
        <type>16th</type>
        <stem default-y="-4">up</stem>
        <notations>
          <technical>
            <fingering default-x="2" default-y="4" placement="above">3</fingering>
            <fingering default-x="3" default-y="4" placement="above">1</fingering>
          </technical>
        </notations>
      </note>
      <note default-x="57">
        <chord/>
        <pitch>
          <step>E</step>
          <octave>4</octave>
        </pitch>
        <duration>1</duration>
        <voice>1</voice>
        <type>16th</type>
        <stem>up</stem>
      </note>
      <note default-x="86">
        <rest/>
        <duration>3</duration>
        <voice>1</voice>
        <type>eighth</type>
        <dot/>
      </note>
      <note default-x="122">
        <pitch>
          <step>C</step>
          <octave>4</octave>
        </pitch>
        <duration>1</duration>
        <voice>1</voice>
        <type>16th</type>
        <stem default-y="-4">up</stem>
        <notations>
          <technical>
            <fingering default-x="2" default-y="4" placement="above">3</fingering>
            <fingering default-x="3" default-y="4" placement="above">1</fingering>
          </technical>
        </notations>
      </note>
      <note default-x="122">
        <chord/>
        <pitch>
          <step>E</step>
          <octave>4</octave>
        </pitch>
        <duration>1</duration>
        <voice>1</voice>
        <type>16th</type>
        <stem>up</stem>
      </note>
      <note default-x="151">
        <rest/>
        <duration>3</duration>
        <voice>1</voice>
        <type>eighth</type>
        <dot/>
      </note>
    </measure>
    <!--=======================================================-->
    <measure number="8" width="212">
      <note default-x="25">
        <pitch>
          <step>G</step>
          <octave>3</octave>
        </pitch>
        <duration>4</duration>
        <voice>1</voice>
        <type>quarter</type>
        <stem default-y="-19.5">up</stem>
        <notations>
          <technical>
            <fingering default-x="2" default-y="-17" placement="above">5</fingering>
          </technical>
        </notations>
      </note>
      <note default-x="79">
        <pitch>
          <step>D</step>
          <octave>4</octave>
        </pitch>
        <duration>1</duration>
        <voice>1</voice>
        <type>16th</type>
        <stem default-y="0.5">up</stem>
        <notations>
          <technical>
            <fingering default-x="2" default-y="9" placement="above">2</fingering>
            <fingering default-x="3" default-y="9" placement="above">1</fingering>
          </technical>
        </notations>
      </note>
      <note default-x="79">
        <chord/>
        <pitch>
          <step>F</step>
          <octave>4</octave>
        </pitch>
        <duration>1</duration>
        <voice>1</voice>
        <type>16th</type>
        <stem>up</stem>
      </note>
      <note default-x="108">
        <rest/>
        <duration>3</duration>
        <voice>1</voice>
        <type>eighth</type>
        <dot/>
      </note>
      <note default-x="145">
        <pitch>
          <step>D</step>
          <octave>4</octave>
        </pitch>
        <duration>1</duration>
        <voice>1</voice>
        <type>16th</type>
        <stem default-y="0.5">up</stem>
        <notations>
          <technical>
            <fingering default-x="2" default-y="9" placement="above">2</fingering>
            <fingering default-x="3" default-y="9" placement="above">1</fingering>
          </technical>
        </notations>
      </note>
      <note default-x="145">
        <chord/>
        <pitch>
          <step>F</step>
          <octave>4</octave>
        </pitch>
        <duration>1</duration>
        <voice>1</voice>
        <type>16th</type>
        <stem>up</stem>
      </note>
      <note default-x="174">
        <rest/>
        <duration>3</duration>
        <voice>1</voice>
        <type>eighth</type>
        <dot/>
      </note>
    </measure>
    <!--=======================================================-->
    <measure number="9" width="211">
      <note default-x="16">
        <pitch>
          <step>C</step>
          <octave>4</octave>
        </pitch>
        <duration>1</duration>
        <voice>1</voice>
        <type>16th</type>
        <stem default-y="-4">up</stem>
        <notations>
          <technical>
            <fingering default-x="2" default-y="4" placement="above">3</fingering>
            <fingering default-x="3" default-y="4" placement="above">1</fingering>
          </technical>
        </notations>
      </note>
      <note default-x="16">
        <chord/>
        <pitch>
          <step>E</step>
          <octave>4</octave>
        </pitch>
        <duration>1</duration>
        <voice>1</voice>
        <type>16th</type>
        <stem>up</stem>
      </note>
      <note default-x="45">
        <rest/>
        <duration>3</duration>
        <voice>1</voice>
        <type>eighth</type>
        <dot/>
      </note>
      <note default-x="80">
        <pitch>
          <step>C</step>
          <octave>4</octave>
        </pitch>
        <duration>1</duration>
        <voice>1</voice>
        <type>16th</type>
        <stem default-y="-4">up</stem>
        <notations>
          <technical>
            <fingering default-x="1" default-y="4" placement="above">3</fingering>
            <fingering default-x="2" default-y="4" placement="above">1</fingering>
          </technical>
        </notations>
      </note>
      <note default-x="80">
        <chord/>
        <pitch>
          <step>E</step>
          <octave>4</octave>
        </pitch>
        <duration>1</duration>
        <voice>1</voice>
        <type>16th</type>
        <stem>up</stem>
      </note>
      <note default-x="109">
        <rest/>
        <duration>3</duration>
        <voice>1</voice>
        <type>eighth</type>
        <dot/>
      </note>
      <note default-x="147">
        <pitch>
          <step>C</step>
          <octave>4</octave>
        </pitch>
        <duration>1</duration>
        <voice>1</voice>
        <type>16th</type>
        <stem default-y="-4">up</stem>
        <notations>
          <technical>
            <fingering default-x="2" default-y="4" placement="above">3</fingering>
            <fingering default-x="3" default-y="4" placement="above">1</fingering>
          </technical>
        </notations>
      </note>
      <note default-x="147">
        <chord/>
        <pitch>
          <step>E</step>
          <octave>4</octave>
        </pitch>
        <duration>1</duration>
        <voice>1</voice>
        <type>16th</type>
        <stem>up</stem>
      </note>
      <note default-x="175">
        <rest/>
        <duration>3</duration>
        <voice>1</voice>
        <type>eighth</type>
        <dot/>
      </note>
    </measure>
    <!--=======================================================-->
    <measure number="10" width="195">
      <note default-x="17">
        <pitch>
          <step>E</step>
          <octave>3</octave>
        </pitch>
        <duration>4</duration>
        <voice>1</voice>
        <type>quarter</type>
        <stem default-y="-19.5">up</stem>
        <notations>
          <technical>
            <fingering default-x="2" default-y="-17" placement="above">5</fingering>
          </technical>
        </notations>
      </note>
      <note default-x="67">
        <pitch>
          <step>G</step>
          <octave>3</octave>
        </pitch>
        <duration>1</duration>
        <voice>1</voice>
        <type>16th</type>
        <stem default-y="-15">up</stem>
        <notations>
          <technical>
            <fingering default-x="2" default-y="-7" placement="above">3</fingering>
            <fingering default-x="3" default-y="-7" placement="above">1</fingering>
          </technical>
        </notations>
      </note>
      <note default-x="67">
        <chord/>
        <pitch>
          <step>C</step>
          <octave>4</octave>
        </pitch>
        <duration>1</duration>
        <voice>1</voice>
        <type>16th</type>
        <stem>up</stem>
      </note>
      <note default-x="95">
        <rest/>
        <duration>3</duration>
        <voice>1</voice>
        <type>eighth</type>
        <dot/>
      </note>
      <note default-x="129">
        <pitch>
          <step>G</step>
          <octave>3</octave>
        </pitch>
        <duration>1</duration>
        <voice>1</voice>
        <type>16th</type>
        <stem default-y="-15">up</stem>
        <notations>
          <technical>
            <fingering default-x="2" default-y="-7" placement="above">3</fingering>
            <fingering default-x="3" default-y="-7" placement="above">1</fingering>
          </technical>
        </notations>
      </note>
      <note default-x="129">
        <chord/>
        <pitch>
          <step>C</step>
          <octave>4</octave>
        </pitch>
        <duration>1</duration>
        <voice>1</voice>
        <type>16th</type>
        <stem>up</stem>
      </note>
      <note default-x="158">
        <rest/>
        <duration>3</duration>
        <voice>1</voice>
        <type>eighth</type>
        <dot/>
      </note>
    </measure>
    <!--=======================================================-->
    <measure number="11" width="264">
      <print new-system="yes"/>
      <note default-x="81">
        <pitch>
          <step>F</step>
          <octave>3</octave>
        </pitch>
        <duration>4</duration>
        <voice>1</voice>
        <type>quarter</type>
        <stem default-y="-19">up</stem>
        <notations>
          <technical>
            <fingering default-x="1" default-y="-17" placement="above">4</fingering>
          </technical>
        </notations>
      </note>
      <note default-x="133">
        <pitch>
          <step>A</step>
          <octave>3</octave>
        </pitch>
        <duration>1</duration>
        <voice>1</voice>
        <type>16th</type>
        <stem default-y="-14.5">up</stem>
        <notations>
          <technical>
            <fingering default-x="2" default-y="-7" placement="above">2</fingering>
            <fingering default-x="3" default-y="-7" placement="above">1</fingering>
          </technical>
        </notations>
      </note>
      <note default-x="133">
        <chord/>
        <pitch>
          <step>C</step>
          <octave>4</octave>
        </pitch>
        <duration>1</duration>
        <voice>1</voice>
        <type>16th</type>
        <stem>up</stem>
      </note>
      <note default-x="162">
        <rest/>
        <duration>3</duration>
        <voice>1</voice>
        <type>eighth</type>
        <dot/>
      </note>
      <note default-x="197">
        <pitch>
          <step>A</step>
          <octave>3</octave>
        </pitch>
        <duration>1</duration>
        <voice>1</voice>
        <type>16th</type>
        <stem default-y="-14.5">up</stem>
        <notations>
          <technical>
            <fingering default-x="2" default-y="-7" placement="above">2</fingering>
            <fingering default-x="3" default-y="-7" placement="above">1</fingering>
          </technical>
        </notations>
      </note>
      <note default-x="197">
        <chord/>
        <pitch>
          <step>C</step>
          <octave>4</octave>
        </pitch>
        <duration>1</duration>
        <voice>1</voice>
        <type>16th</type>
        <stem>up</stem>
      </note>
      <note default-x="225">
        <rest/>
        <duration>3</duration>
        <voice>1</voice>
        <type>eighth</type>
        <dot/>
      </note>
    </measure>
    <!--=======================================================-->
    <measure number="12" width="204">
      <note default-x="16">
        <pitch>
          <step>C</step>
          <octave>3</octave>
        </pitch>
        <duration>4</duration>
        <voice>1</voice>
        <type>quarter</type>
        <stem default-y="-19">up</stem>
        <notations>
          <technical>
            <fingering default-x="2" default-y="-17" placement="above">5</fingering>
          </technical>
        </notations>
      </note>
      <note default-x="68">
        <pitch>
          <step>E</step>
          <octave>3</octave>
        </pitch>
        <duration>1</duration>
        <voice>1</voice>
        <type>16th</type>
        <stem default-y="-19">up</stem>
        <notations>
          <technical>
            <fingering default-x="1" default-y="-7" placement="above">4</fingering>
            <fingering default-x="2" default-y="-7" placement="above">2</fingering>
            <fingering default-x="3" default-y="-7" placement="above">1</fingering>
          </technical>
        </notations>
      </note>
      <note default-x="68">
        <chord/>
        <pitch>
          <step>G</step>
          <octave>3</octave>
        </pitch>
        <duration>1</duration>
        <voice>1</voice>
        <type>16th</type>
        <stem>up</stem>
      </note>
      <note default-x="68">
        <chord/>
        <pitch>
          <step>B</step>
          <alter>-1</alter>
          <octave>3</octave>
        </pitch>
        <duration>1</duration>
        <voice>1</voice>
        <type>16th</type>
        <stem>up</stem>
      </note>
      <note default-x="97">
        <rest/>
        <duration>3</duration>
        <voice>1</voice>
        <type>eighth</type>
        <dot/>
      </note>
      <note default-x="137">
        <pitch>
          <step>E</step>
          <octave>3</octave>
        </pitch>
        <duration>1</duration>
        <voice>1</voice>
        <type>16th</type>
        <stem default-y="-19">up</stem>
        <notations>
          <technical>
            <fingering default-x="1" default-y="-7" placement="above">4</fingering>
            <fingering default-x="2" default-y="-7" placement="above">2</fingering>
            <fingering default-x="3" default-y="-7" placement="above">1</fingering>
          </technical>
        </notations>
      </note>
      <note default-x="137">
        <chord/>
        <pitch>
          <step>G</step>
          <octave>3</octave>
        </pitch>
        <duration>1</duration>
        <voice>1</voice>
        <type>16th</type>
        <stem>up</stem>
      </note>
      <note default-x="137">
        <chord/>
        <pitch>
          <step>B</step>
          <alter>-1</alter>
          <octave>3</octave>
        </pitch>
        <duration>1</duration>
        <voice>1</voice>
        <type>16th</type>
        <stem>up</stem>
      </note>
      <note default-x="165">
        <rest/>
        <duration>3</duration>
        <voice>1</voice>
        <type>eighth</type>
        <dot/>
      </note>
    </measure>
    <!--=======================================================-->
    <measure number="13" width="196">
      <note default-x="17">
        <pitch>
          <step>F</step>
          <octave>3</octave>
        </pitch>
        <duration>4</duration>
        <voice>1</voice>
        <type>quarter</type>
        <stem default-y="-19">up</stem>
        <notations>
          <technical>
            <fingering default-x="1" default-y="-17" placement="above">4</fingering>
          </technical>
        </notations>
      </note>
      <note default-x="59">
        <pitch>
          <step>A</step>
          <octave>3</octave>
        </pitch>
        <duration>1</duration>
        <voice>1</voice>
        <type>16th</type>
        <stem default-y="-14.5">up</stem>
        <notations>
          <technical>
            <fingering default-x="2" default-y="-7" placement="above">2</fingering>
            <fingering default-x="3" default-y="-7" placement="above">1</fingering>
          </technical>
        </notations>
      </note>
      <note default-x="59">
        <chord/>
        <pitch>
          <step>C</step>
          <octave>4</octave>
        </pitch>
        <duration>1</duration>
        <voice>1</voice>
        <type>16th</type>
        <stem>up</stem>
      </note>
      <note default-x="88">
        <rest/>
        <duration>3</duration>
        <voice>1</voice>
        <type>eighth</type>
        <dot/>
      </note>
      <note default-x="123">
        <pitch>
          <step>A</step>
          <octave>3</octave>
        </pitch>
        <duration>1</duration>
        <voice>1</voice>
        <type>16th</type>
        <stem default-y="-14.5">up</stem>
        <notations>
          <technical>
            <fingering default-x="2" default-y="-7" placement="above">2</fingering>
            <fingering default-x="3" default-y="-7" placement="above">1</fingering>
          </technical>
        </notations>
      </note>
      <note default-x="123">
        <chord/>
        <pitch>
          <step>C</step>
          <octave>4</octave>
        </pitch>
        <duration>1</duration>
        <voice>1</voice>
        <type>16th</type>
        <stem>up</stem>
      </note>
      <note default-x="152">
        <rest/>
        <duration>3</duration>
        <voice>1</voice>
        <type>eighth</type>
        <dot/>
      </note>
    </measure>
    <!--=======================================================-->
    <measure number="14" width="199">
      <note default-x="16">
        <pitch>
          <step>E</step>
          <octave>3</octave>
        </pitch>
        <duration>4</duration>
        <voice>1</voice>
        <type>quarter</type>
        <stem default-y="-19">up</stem>
        <notations>
          <technical>
            <fingering default-x="2" default-y="-17" placement="above">5</fingering>
          </technical>
        </notations>
      </note>
      <note default-x="68">
        <pitch>
          <step>G</step>
          <octave>3</octave>
        </pitch>
        <duration>1</duration>
        <voice>1</voice>
        <type>16th</type>
        <stem default-y="-14.5">up</stem>
        <notations>
          <technical>
            <fingering default-x="2" default-y="-7" placement="above">3</fingering>
            <fingering default-x="3" default-y="-7" placement="above">1</fingering>
          </technical>
        </notations>
      </note>
      <note default-x="68">
        <chord/>
        <pitch>
          <step>C</step>
          <octave>4</octave>
        </pitch>
        <duration>1</duration>
        <voice>1</voice>
        <type>16th</type>
        <stem>up</stem>
      </note>
      <note default-x="97">
        <rest/>
        <duration>3</duration>
        <voice>1</voice>
        <type>eighth</type>
        <dot/>
      </note>
      <note default-x="132">
        <pitch>
          <step>G</step>
          <octave>3</octave>
        </pitch>
        <duration>1</duration>
        <voice>1</voice>
        <type>16th</type>
        <stem default-y="-14.5">up</stem>
        <notations>
          <technical>
            <fingering default-x="2" default-y="-7" placement="above">3</fingering>
            <fingering default-x="3" default-y="-7" placement="above">1</fingering>
          </technical>
        </notations>
      </note>
      <note default-x="132">
        <chord/>
        <pitch>
          <step>C</step>
          <octave>4</octave>
        </pitch>
        <duration>1</duration>
        <voice>1</voice>
        <type>16th</type>
        <stem>up</stem>
      </note>
      <note default-x="160">
        <rest/>
        <duration>3</duration>
        <voice>1</voice>
        <type>eighth</type>
        <dot/>
      </note>
    </measure>
    <!--=======================================================-->
    <measure number="15" width="198">
      <note default-x="17">
        <pitch>
          <step>F</step>
          <octave>3</octave>
        </pitch>
        <duration>4</duration>
        <voice>1</voice>
        <type>quarter</type>
        <stem default-y="-19">up</stem>
        <notations>
          <technical>
            <fingering default-x="1" default-y="-17" placement="above">4</fingering>
          </technical>
        </notations>
      </note>
      <note default-x="68">
        <pitch>
          <step>A</step>
          <octave>3</octave>
        </pitch>
        <duration>1</duration>
        <voice>1</voice>
        <type>16th</type>
        <stem default-y="-14.5">up</stem>
        <notations>
          <technical>
            <fingering default-x="2" default-y="-7" placement="above">2</fingering>
            <fingering default-x="3" default-y="-7" placement="above">1</fingering>
          </technical>
        </notations>
      </note>
      <note default-x="68">
        <chord/>
        <pitch>
          <step>C</step>
          <octave>4</octave>
        </pitch>
        <duration>1</duration>
        <voice>1</voice>
        <type>16th</type>
        <stem>up</stem>
      </note>
      <note default-x="97">
        <rest/>
        <duration>3</duration>
        <voice>1</voice>
        <type>eighth</type>
        <dot/>
      </note>
      <note default-x="131">
        <pitch>
          <step>A</step>
          <octave>3</octave>
        </pitch>
        <duration>1</duration>
        <voice>1</voice>
        <type>16th</type>
        <stem default-y="-14.5">up</stem>
        <notations>
          <technical>
            <fingering default-x="2" default-y="-7" placement="above">2</fingering>
            <fingering default-x="3" default-y="-7" placement="above">1</fingering>
          </technical>
        </notations>
      </note>
      <note default-x="131">
        <chord/>
        <pitch>
          <step>C</step>
          <octave>4</octave>
        </pitch>
        <duration>1</duration>
        <voice>1</voice>
        <type>16th</type>
        <stem>up</stem>
      </note>
      <note default-x="160">
        <rest/>
        <duration>3</duration>
        <voice>1</voice>
        <type>eighth</type>
        <dot/>
      </note>
    </measure>
    <!--=======================================================-->
    <measure number="16" width="546">
      <print new-system="yes"/>
      <note default-x="81">
        <pitch>
          <step>C</step>
          <octave>3</octave>
        </pitch>
        <duration>4</duration>
        <voice>1</voice>
        <type>quarter</type>
        <stem default-y="-19.5">up</stem>
        <notations>
          <technical>
            <fingering default-x="2" default-y="-17" placement="above">5</fingering>
          </technical>
        </notations>
      </note>
      <note default-x="233">
        <pitch>
          <step>G</step>
          <octave>3</octave>
        </pitch>
        <duration>1</duration>
        <voice>1</voice>
        <type>16th</type>
        <stem default-y="-19.5">up</stem>
        <notations>
          <technical>
            <fingering default-x="2" default-y="-7" placement="above">2</fingering>
            <fingering default-x="3" default-y="-7" placement="above">1</fingering>
          </technical>
        </notations>
      </note>
      <note default-x="233">
        <chord/>
        <pitch>
          <step>B</step>
          <alter>-1</alter>
          <octave>3</octave>
        </pitch>
        <duration>1</duration>
        <voice>1</voice>
        <type>16th</type>
        <stem>up</stem>
      </note>
      <note default-x="279">
        <rest/>
        <duration>3</duration>
        <voice>1</voice>
        <type>eighth</type>
        <dot/>
      </note>
      <note default-x="389">
        <pitch>
          <step>G</step>
          <octave>3</octave>
        </pitch>
        <duration>1</duration>
        <voice>1</voice>
        <type>16th</type>
        <stem default-y="-19.5">up</stem>
        <notations>
          <technical>
            <fingering default-x="2" default-y="-7" placement="above">2</fingering>
            <fingering default-x="3" default-y="-7" placement="above">1</fingering>
          </technical>
        </notations>
      </note>
      <note default-x="389">
        <chord/>
        <pitch>
          <step>B</step>
          <alter>-1</alter>
          <octave>3</octave>
        </pitch>
        <duration>1</duration>
        <voice>1</voice>
        <type>16th</type>
        <stem>up</stem>
      </note>
      <note default-x="436">
        <rest/>
        <duration>3</duration>
        <voice>1</voice>
        <type>eighth</type>
        <dot/>
      </note>
    </measure>
    <!--=======================================================-->
    <measure number="17" width="514">
      <note default-x="16">
        <pitch>
          <step>F</step>
          <octave>3</octave>
        </pitch>
        <duration>1</duration>
        <voice>1</voice>
        <type>16th</type>
        <stem default-y="-19.5">up</stem>
        <notations>
          <technical>
            <fingering default-x="2" default-y="-7" placement="above">3</fingering>
            <fingering default-x="3" default-y="-7" placement="above">1</fingering>
          </technical>
        </notations>
      </note>
      <note default-x="16">
        <chord/>
        <pitch>
          <step>A</step>
          <octave>3</octave>
        </pitch>
        <duration>1</duration>
        <voice>1</voice>
        <type>16th</type>
        <stem>up</stem>
      </note>
      <note default-x="67">
        <rest/>
        <duration>3</duration>
        <voice>1</voice>
        <type>eighth</type>
        <dot/>
      </note>
      <note default-x="176">
        <pitch>
          <step>F</step>
          <octave>3</octave>
        </pitch>
        <duration>1</duration>
        <voice>1</voice>
        <type>16th</type>
        <stem default-y="-19.5">up</stem>
        <notations>
          <technical>
            <fingering default-x="2" default-y="-7" placement="above">3</fingering>
            <fingering default-x="3" default-y="-7" placement="above">1</fingering>
          </technical>
        </notations>
      </note>
      <note default-x="176">
        <chord/>
        <pitch>
          <step>A</step>
          <octave>3</octave>
        </pitch>
        <duration>1</duration>
        <voice>1</voice>
        <type>16th</type>
        <stem>up</stem>
      </note>
      <note default-x="226">
        <rest/>
        <duration>3</duration>
        <voice>1</voice>
        <type>eighth</type>
        <dot/>
      </note>
      <note default-x="345">
        <pitch>
          <step>F</step>
          <octave>3</octave>
        </pitch>
        <duration>1</duration>
        <voice>1</voice>
        <type>16th</type>
        <stem default-y="-19.5">up</stem>
        <notations>
          <technical>
            <fingering default-x="2" default-y="-7" placement="above">3</fingering>
            <fingering default-x="3" default-y="-7" placement="above">1</fingering>
          </technical>
        </notations>
      </note>
      <note default-x="345">
        <chord/>
        <pitch>
          <step>A</step>
          <octave>3</octave>
        </pitch>
        <duration>1</duration>
        <voice>1</voice>
        <type>16th</type>
        <stem>up</stem>
      </note>
      <note default-x="396">
        <rest/>
        <duration>3</duration>
        <voice>1</voice>
        <type>eighth</type>
        <dot/>
      </note>
      <barline location="right">
        <bar-style>light-heavy</bar-style>
      </barline>
    </measure>
  </part>
  <!--=========================================================-->
</score-partwise>
