<?xml version="1.0" encoding="UTF-8" standalone="no"?>
<!DOCTYPE score-partwise PUBLIC "-//Recordare//DTD MusicXML 3.0 Partwise//EN" "http://www.musicxml.org/dtds/partwise.dtd">
<score-partwise version="3.0">
  <movement-title>CXML599_40.xml</movement-title>
  <identification>
    <creator type="composer">Music21</creator>
    <encoding>
      <software>Finale 2014.5 for Windows</software>
      <software>Dolet Light for Finale 2014.5</software>
      <encoding-date>2016-10-28</encoding-date>
      <supports attribute="new-system" element="print" type="yes" value="yes"/>
      <supports attribute="new-page" element="print" type="yes" value="yes"/>
      <supports element="accidental" type="yes"/>
      <supports element="beam" type="yes"/>
      <supports element="stem" type="yes"/>
    </encoding>
  </identification>
  <defaults>
    <scaling>
      <millimeters>7.1967</millimeters>
      <tenths>40</tenths>
    </scaling>
    <page-layout>
      <page-height>1553</page-height>
      <page-width>1200</page-width>
      <page-margins type="both">
        <left-margin>70</left-margin>
        <right-margin>70</right-margin>
        <top-margin>88</top-margin>
        <bottom-margin>88</bottom-margin>
      </page-margins>
    </page-layout>
    <system-layout>
      <system-margins>
        <left-margin>0</left-margin>
        <right-margin>0</right-margin>
      </system-margins>
      <system-distance>121</system-distance>
      <top-system-distance>70</top-system-distance>
    </system-layout>
    <staff-layout>
      <staff-distance>60</staff-distance>
    </staff-layout>
    <appearance>
      <line-width type="stem">0.7487</line-width>
      <line-width type="beam">5</line-width>
      <line-width type="staff">0.7487</line-width>
      <line-width type="light barline">0.7487</line-width>
      <line-width type="heavy barline">5</line-width>
      <line-width type="leger">0.7487</line-width>
      <line-width type="ending">0.7487</line-width>
      <line-width type="wedge">0.7487</line-width>
      <line-width type="enclosure">0.7487</line-width>
      <line-width type="tuplet bracket">0.7487</line-width>
      <note-size type="grace">60</note-size>
      <note-size type="cue">60</note-size>
      <distance type="hyphen">120</distance>
      <distance type="beam">8</distance>
    </appearance>
    <music-font font-family="Maestro,engraved" font-size="20.4"/>
    <word-font font-family="Times New Roman" font-size="10.2"/>
  </defaults>
  <credit page="1">
    <credit-words default-x="71" default-y="1460" font-size="12" valign="top">Score</credit-words>
  </credit>
  <part-list>
    <score-part id="P1">
      <part-name>Track 1</part-name>
      <score-instrument id="P1-I1">
        <instrument-name>Acoustic Grand Piano</instrument-name>
      </score-instrument>
      <midi-instrument id="P1-I1">
        <midi-channel>1</midi-channel>
        <midi-program>1</midi-program>
      </midi-instrument>
    </score-part>
    <score-part id="P2">
      <part-name>Track 2</part-name>
      <score-instrument id="P2-I2">
        <instrument-name>Acoustic Grand Piano</instrument-name>
      </score-instrument>
      <midi-instrument id="P2-I2">
        <midi-channel>2</midi-channel>
        <midi-program>1</midi-program>
      </midi-instrument>
    </score-part>
  </part-list>
  <!--=========================================================-->
  <part id="P1">
    <measure number="1" width="215">
      <print>
        <system-layout>
          <system-margins>
            <left-margin>70</left-margin>
            <right-margin>0</right-margin>
          </system-margins>
          <top-system-distance>211</top-system-distance>
        </system-layout>
        <measure-numbering>system</measure-numbering>
      </print>
      <attributes>
        <divisions>4</divisions>
        <key>
          <fifths>-1</fifths>
          <mode>major</mode>
        </key>
        <time>
          <beats>2</beats>
          <beat-type>4</beat-type>
        </time>
        <clef>
          <sign>G</sign>
          <line>2</line>
        </clef>
      </attributes>
      <sound tempo="120"/>
      <note>
        <rest measure="yes"/>
        <duration>8</duration>
        <voice>1</voice>
      </note>
    </measure>
    <!--=======================================================-->
    <measure number="2" width="181">
      <note default-x="13">
        <pitch>
          <step>C</step>
          <octave>5</octave>
        </pitch>
        <duration>2</duration>
        <voice>1</voice>
        <type>eighth</type>
        <stem default-y="-50">down</stem>
        <beam number="1">begin</beam>
        <notations>
          <technical>
            <fingering default-x="3" default-y="-7" placement="above">1</fingering>
          </technical>
        </notations>
      </note>
      <note default-x="45">
        <pitch>
          <step>F</step>
          <octave>5</octave>
        </pitch>
        <duration>1</duration>
        <voice>1</voice>
        <type>16th</type>
        <stem default-y="-47">down</stem>
        <beam number="1">continue</beam>
        <beam number="2">begin</beam>
        <notations>
          <technical>
            <fingering default-x="2" default-y="10" placement="above">2</fingering>
          </technical>
        </notations>
      </note>
      <note default-x="68">
        <pitch>
          <step>A</step>
          <octave>5</octave>
        </pitch>
        <duration>1</duration>
        <voice>1</voice>
        <type>16th</type>
        <stem default-y="-45">down</stem>
        <beam number="1">end</beam>
        <beam number="2">end</beam>
        <notations>
          <technical>
            <fingering default-x="2" default-y="20" placement="above">3</fingering>
          </technical>
        </notations>
      </note>
      <note default-x="91">
        <pitch>
          <step>C</step>
          <octave>6</octave>
        </pitch>
        <duration>2</duration>
        <voice>1</voice>
        <type>eighth</type>
        <stem default-y="-20">down</stem>
        <notations>
          <technical>
            <fingering default-x="2" default-y="30" placement="above">5</fingering>
          </technical>
        </notations>
      </note>
      <note default-x="136">
        <rest/>
        <duration>2</duration>
        <voice>1</voice>
        <type>eighth</type>
      </note>
    </measure>
    <!--=======================================================-->
    <measure number="3" width="181">
      <note default-x="13">
        <pitch>
          <step>C</step>
          <octave>5</octave>
        </pitch>
        <duration>2</duration>
        <voice>1</voice>
        <type>eighth</type>
        <stem default-y="-50">down</stem>
        <beam number="1">begin</beam>
        <notations>
          <technical>
            <fingering default-x="3" default-y="-7" placement="above">1</fingering>
          </technical>
        </notations>
      </note>
      <note default-x="45">
        <pitch>
          <step>F</step>
          <octave>5</octave>
        </pitch>
        <duration>1</duration>
        <voice>1</voice>
        <type>16th</type>
        <stem default-y="-47">down</stem>
        <beam number="1">continue</beam>
        <beam number="2">begin</beam>
        <notations>
          <technical>
            <fingering default-x="2" default-y="10" placement="above">2</fingering>
          </technical>
        </notations>
      </note>
      <note default-x="68">
        <pitch>
          <step>A</step>
          <octave>5</octave>
        </pitch>
        <duration>1</duration>
        <voice>1</voice>
        <type>16th</type>
        <stem default-y="-45">down</stem>
        <beam number="1">end</beam>
        <beam number="2">end</beam>
        <notations>
          <technical>
            <fingering default-x="2" default-y="20" placement="above">3</fingering>
          </technical>
        </notations>
      </note>
      <note default-x="91">
        <pitch>
          <step>C</step>
          <octave>6</octave>
        </pitch>
        <duration>2</duration>
        <voice>1</voice>
        <type>eighth</type>
        <stem default-y="-20">down</stem>
        <notations>
          <technical>
            <fingering default-x="2" default-y="30" placement="above">5</fingering>
          </technical>
        </notations>
      </note>
      <note default-x="136">
        <rest/>
        <duration>2</duration>
        <voice>1</voice>
        <type>eighth</type>
      </note>
    </measure>
    <!--=======================================================-->
    <measure number="4" width="210">
      <note default-x="16">
        <pitch>
          <step>B</step>
          <alter>-1</alter>
          <octave>5</octave>
        </pitch>
        <duration>1</duration>
        <voice>1</voice>
        <type>16th</type>
        <stem default-y="-20">down</stem>
        <notations>
          <technical>
            <fingering default-x="1" default-y="25" placement="above">4</fingering>
          </technical>
        </notations>
      </note>
      <note default-x="40">
        <rest/>
        <duration>1</duration>
        <voice>1</voice>
        <type>16th</type>
      </note>
      <note default-x="65">
        <pitch>
          <step>B</step>
          <alter>-1</alter>
          <octave>5</octave>
        </pitch>
        <duration>1</duration>
        <voice>1</voice>
        <type>16th</type>
        <stem default-y="-20">down</stem>
        <notations>
          <technical>
            <fingering default-x="1" default-y="25" placement="above">4</fingering>
          </technical>
        </notations>
      </note>
      <note default-x="88">
        <rest/>
        <duration>1</duration>
        <voice>1</voice>
        <type>16th</type>
      </note>
      <note default-x="113">
        <pitch>
          <step>C</step>
          <octave>6</octave>
        </pitch>
        <duration>1</duration>
        <voice>1</voice>
        <type>16th</type>
        <stem default-y="-25">down</stem>
        <beam number="1">begin</beam>
        <beam number="2">begin</beam>
        <notations>
          <technical>
            <fingering default-x="2" default-y="30" placement="above">5</fingering>
          </technical>
        </notations>
      </note>
      <note default-x="137">
        <pitch>
          <step>B</step>
          <alter>-1</alter>
          <octave>5</octave>
        </pitch>
        <duration>1</duration>
        <voice>1</voice>
        <type>16th</type>
        <stem default-y="-27">down</stem>
        <beam number="1">continue</beam>
        <beam number="2">end</beam>
        <notations>
          <technical>
            <fingering default-x="1" default-y="25" placement="above">4</fingering>
          </technical>
        </notations>
      </note>
      <note default-x="161">
        <pitch>
          <step>A</step>
          <octave>5</octave>
        </pitch>
        <duration>1</duration>
        <voice>1</voice>
        <type>16th</type>
        <stem default-y="-28">down</stem>
        <beam number="1">continue</beam>
        <beam number="2">begin</beam>
        <notations>
          <technical>
            <fingering default-x="2" default-y="20" placement="above">3</fingering>
          </technical>
        </notations>
      </note>
      <note default-x="185">
        <pitch>
          <step>G</step>
          <octave>5</octave>
        </pitch>
        <duration>1</duration>
        <voice>1</voice>
        <type>16th</type>
        <stem default-y="-30">down</stem>
        <beam number="1">end</beam>
        <beam number="2">end</beam>
        <notations>
          <technical>
            <fingering default-x="1" default-y="15" placement="above">2</fingering>
          </technical>
        </notations>
      </note>
    </measure>
    <!--=======================================================-->
    <measure number="5" width="204">
      <note default-x="16">
        <pitch>
          <step>A</step>
          <octave>5</octave>
        </pitch>
        <duration>1</duration>
        <voice>1</voice>
        <type>16th</type>
        <stem default-y="-25">down</stem>
        <notations>
          <technical>
            <fingering default-x="2" default-y="20" placement="above">3</fingering>
          </technical>
        </notations>
      </note>
      <note default-x="40">
        <rest/>
        <duration>1</duration>
        <voice>1</voice>
        <type>16th</type>
      </note>
      <note default-x="63">
        <pitch>
          <step>C</step>
          <octave>6</octave>
        </pitch>
        <duration>1</duration>
        <voice>1</voice>
        <type>16th</type>
        <stem default-y="-20">down</stem>
        <notations>
          <technical>
            <fingering default-x="2" default-y="30" placement="above">5</fingering>
          </technical>
        </notations>
      </note>
      <note default-x="86">
        <rest/>
        <duration>1</duration>
        <voice>1</voice>
        <type>16th</type>
      </note>
      <note default-x="110">
        <pitch>
          <step>F</step>
          <octave>5</octave>
        </pitch>
        <duration>3</duration>
        <voice>1</voice>
        <type>eighth</type>
        <dot/>
        <stem default-y="-35.5">down</stem>
        <notations>
          <technical>
            <fingering default-x="3" default-y="10" placement="above">1</fingering>
          </technical>
        </notations>
      </note>
      <note default-x="180">
        <rest/>
        <duration>1</duration>
        <voice>1</voice>
        <type>16th</type>
      </note>
    </measure>
    <!--=======================================================-->
    <measure number="6" width="251">
      <print new-system="yes">
        <system-layout>
          <system-distance>114</system-distance>
        </system-layout>
      </print>
      <note default-x="78">
        <pitch>
          <step>C</step>
          <octave>5</octave>
        </pitch>
        <duration>2</duration>
        <voice>1</voice>
        <type>eighth</type>
        <stem default-y="-50">down</stem>
        <beam number="1">begin</beam>
        <notations>
          <technical>
            <fingering default-x="3" default-y="-7" placement="above">1</fingering>
          </technical>
        </notations>
      </note>
      <note default-x="113">
        <pitch>
          <step>F</step>
          <octave>5</octave>
        </pitch>
        <duration>1</duration>
        <voice>1</voice>
        <type>16th</type>
        <stem default-y="-47">down</stem>
        <beam number="1">continue</beam>
        <beam number="2">begin</beam>
        <notations>
          <technical>
            <fingering default-x="2" default-y="10" placement="above">2</fingering>
          </technical>
        </notations>
      </note>
      <note default-x="136">
        <pitch>
          <step>A</step>
          <octave>5</octave>
        </pitch>
        <duration>1</duration>
        <voice>1</voice>
        <type>16th</type>
        <stem default-y="-45">down</stem>
        <beam number="1">end</beam>
        <beam number="2">end</beam>
        <notations>
          <technical>
            <fingering default-x="2" default-y="20" placement="above">3</fingering>
          </technical>
        </notations>
      </note>
      <note default-x="159">
        <pitch>
          <step>C</step>
          <octave>6</octave>
        </pitch>
        <duration>2</duration>
        <voice>1</voice>
        <type>eighth</type>
        <stem default-y="-20">down</stem>
        <notations>
          <technical>
            <fingering default-x="2" default-y="30" placement="above">5</fingering>
          </technical>
        </notations>
      </note>
      <note default-x="205">
        <rest/>
        <duration>2</duration>
        <voice>1</voice>
        <type>eighth</type>
      </note>
    </measure>
    <!--=======================================================-->
    <measure number="7" width="187">
      <note default-x="13">
        <pitch>
          <step>C</step>
          <octave>5</octave>
        </pitch>
        <duration>2</duration>
        <voice>1</voice>
        <type>eighth</type>
        <stem default-y="-50">down</stem>
        <beam number="1">begin</beam>
        <notations>
          <technical>
            <fingering default-x="3" default-y="-7" placement="above">1</fingering>
          </technical>
        </notations>
      </note>
      <note default-x="48">
        <pitch>
          <step>F</step>
          <octave>5</octave>
        </pitch>
        <duration>1</duration>
        <voice>1</voice>
        <type>16th</type>
        <stem default-y="-47">down</stem>
        <beam number="1">continue</beam>
        <beam number="2">begin</beam>
        <notations>
          <technical>
            <fingering default-x="2" default-y="10" placement="above">2</fingering>
          </technical>
        </notations>
      </note>
      <note default-x="71">
        <pitch>
          <step>A</step>
          <octave>5</octave>
        </pitch>
        <duration>1</duration>
        <voice>1</voice>
        <type>16th</type>
        <stem default-y="-45">down</stem>
        <beam number="1">end</beam>
        <beam number="2">end</beam>
        <notations>
          <technical>
            <fingering default-x="2" default-y="20" placement="above">3</fingering>
          </technical>
        </notations>
      </note>
      <note default-x="95">
        <pitch>
          <step>C</step>
          <octave>6</octave>
        </pitch>
        <duration>2</duration>
        <voice>1</voice>
        <type>eighth</type>
        <stem default-y="-20">down</stem>
        <notations>
          <technical>
            <fingering default-x="2" default-y="30" placement="above">5</fingering>
          </technical>
        </notations>
      </note>
      <note default-x="141">
        <rest/>
        <duration>2</duration>
        <voice>1</voice>
        <type>eighth</type>
      </note>
    </measure>
    <!--=======================================================-->
    <measure number="8" width="239">
      <note default-x="13">
        <pitch>
          <step>G</step>
          <octave>5</octave>
        </pitch>
        <duration>1</duration>
        <voice>1</voice>
        <type>16th</type>
        <stem default-y="-30">down</stem>
        <beam number="1">begin</beam>
        <beam number="2">begin</beam>
        <notations>
          <technical>
            <fingering default-x="3" default-y="15" placement="above">1</fingering>
          </technical>
        </notations>
      </note>
      <note default-x="40">
        <pitch>
          <step>E</step>
          <octave>6</octave>
        </pitch>
        <duration>1</duration>
        <voice>1</voice>
        <type>16th</type>
        <stem default-y="-28.5">down</stem>
        <beam number="1">continue</beam>
        <beam number="2">end</beam>
        <notations>
          <technical>
            <fingering default-x="2" default-y="40" placement="above">5</fingering>
          </technical>
        </notations>
      </note>
      <note default-x="68">
        <pitch>
          <step>D</step>
          <octave>6</octave>
        </pitch>
        <duration>1</duration>
        <voice>1</voice>
        <type>16th</type>
        <stem default-y="-26.5">down</stem>
        <beam number="1">continue</beam>
        <beam number="2">begin</beam>
        <notations>
          <technical>
            <fingering default-x="1" default-y="35" placement="above">3</fingering>
          </technical>
        </notations>
      </note>
      <note default-x="96">
        <pitch>
          <step>C</step>
          <octave>6</octave>
        </pitch>
        <duration>1</duration>
        <voice>1</voice>
        <type>16th</type>
        <stem default-y="-25">down</stem>
        <beam number="1">end</beam>
        <beam number="2">end</beam>
        <notations>
          <technical>
            <fingering default-x="1" default-y="30" placement="above">2</fingering>
          </technical>
        </notations>
      </note>
      <note default-x="128">
        <pitch>
          <step>B</step>
          <octave>5</octave>
        </pitch>
        <duration>1</duration>
        <voice>1</voice>
        <type>16th</type>
        <accidental>natural</accidental>
        <stem default-y="-20">down</stem>
        <beam number="1">begin</beam>
        <beam number="2">begin</beam>
        <notations>
          <technical>
            <fingering default-x="2" default-y="25" placement="above">2</fingering>
          </technical>
        </notations>
      </note>
      <note default-x="156">
        <pitch>
          <step>C</step>
          <octave>6</octave>
        </pitch>
        <duration>1</duration>
        <voice>1</voice>
        <type>16th</type>
        <stem default-y="-20">down</stem>
        <beam number="1">continue</beam>
        <beam number="2">end</beam>
        <notations>
          <technical>
            <fingering default-x="2" default-y="30" placement="above">3</fingering>
          </technical>
        </notations>
      </note>
      <note default-x="184">
        <pitch>
          <step>D</step>
          <octave>6</octave>
        </pitch>
        <duration>1</duration>
        <voice>1</voice>
        <type>16th</type>
        <stem default-y="-20">down</stem>
        <beam number="1">continue</beam>
        <beam number="2">begin</beam>
        <notations>
          <technical>
            <fingering default-x="1" default-y="35" placement="above">4</fingering>
          </technical>
        </notations>
      </note>
      <note default-x="212">
        <pitch>
          <step>B</step>
          <octave>5</octave>
        </pitch>
        <duration>1</duration>
        <voice>1</voice>
        <type>16th</type>
        <stem default-y="-20">down</stem>
        <beam number="1">end</beam>
        <beam number="2">end</beam>
        <notations>
          <technical>
            <fingering default-x="2" default-y="25" placement="above">2</fingering>
          </technical>
        </notations>
      </note>
    </measure>
    <!--=======================================================-->
    <measure number="9" width="167">
      <note default-x="16">
        <pitch>
          <step>C</step>
          <octave>6</octave>
        </pitch>
        <duration>1</duration>
        <voice>1</voice>
        <type>16th</type>
        <stem default-y="-20">down</stem>
        <notations>
          <technical>
            <fingering default-x="2" default-y="30" placement="above">3</fingering>
          </technical>
        </notations>
      </note>
      <note default-x="37">
        <rest/>
        <duration>1</duration>
        <voice>1</voice>
        <type>16th</type>
      </note>
      <note default-x="59">
        <pitch>
          <step>C</step>
          <octave>6</octave>
        </pitch>
        <duration>1</duration>
        <voice>1</voice>
        <type>16th</type>
        <stem default-y="-20">down</stem>
        <notations>
          <technical>
            <fingering default-x="2" default-y="30" placement="above">3</fingering>
          </technical>
        </notations>
      </note>
      <note default-x="80">
        <rest/>
        <duration>1</duration>
        <voice>1</voice>
        <type>16th</type>
      </note>
      <note default-x="101">
        <pitch>
          <step>C</step>
          <octave>6</octave>
        </pitch>
        <duration>2</duration>
        <voice>1</voice>
        <type>eighth</type>
        <stem default-y="-20">down</stem>
        <notations>
          <technical>
            <fingering default-x="2" default-y="30" placement="above">3</fingering>
          </technical>
        </notations>
      </note>
      <note default-x="133">
        <rest/>
        <duration>2</duration>
        <voice>1</voice>
        <type>eighth</type>
      </note>
    </measure>
    <!--=======================================================-->
    <measure number="10" width="216">
      <note default-x="16">
        <pitch>
          <step>B</step>
          <alter>-1</alter>
          <octave>5</octave>
        </pitch>
        <duration>1</duration>
        <voice>1</voice>
        <type>16th</type>
        <stem default-y="-20">down</stem>
        <notations>
          <technical>
            <fingering default-x="2" default-y="25" placement="above">2</fingering>
          </technical>
        </notations>
      </note>
      <note default-x="41">
        <rest/>
        <duration>1</duration>
        <voice>1</voice>
        <type>16th</type>
      </note>
      <note default-x="66">
        <pitch>
          <step>B</step>
          <alter>-1</alter>
          <octave>5</octave>
        </pitch>
        <duration>1</duration>
        <voice>1</voice>
        <type>16th</type>
        <stem default-y="-20">down</stem>
        <notations>
          <technical>
            <fingering default-x="2" default-y="25" placement="above">2</fingering>
          </technical>
        </notations>
      </note>
      <note default-x="91">
        <rest/>
        <duration>1</duration>
        <voice>1</voice>
        <type>16th</type>
      </note>
      <note default-x="116">
        <pitch>
          <step>C</step>
          <octave>6</octave>
        </pitch>
        <duration>1</duration>
        <voice>1</voice>
        <type>16th</type>
        <stem default-y="-25">down</stem>
        <beam number="1">begin</beam>
        <beam number="2">begin</beam>
        <notations>
          <technical>
            <fingering default-x="2" default-y="30" placement="above">3</fingering>
          </technical>
        </notations>
      </note>
      <note default-x="140">
        <pitch>
          <step>B</step>
          <alter>-1</alter>
          <octave>5</octave>
        </pitch>
        <duration>1</duration>
        <voice>1</voice>
        <type>16th</type>
        <stem default-y="-26.5">down</stem>
        <beam number="1">continue</beam>
        <beam number="2">end</beam>
        <notations>
          <technical>
            <fingering default-x="2" default-y="25" placement="above">2</fingering>
          </technical>
        </notations>
      </note>
      <note default-x="165">
        <pitch>
          <step>A</step>
          <octave>5</octave>
        </pitch>
        <duration>1</duration>
        <voice>1</voice>
        <type>16th</type>
        <stem default-y="-28.5">down</stem>
        <beam number="1">continue</beam>
        <beam number="2">begin</beam>
        <notations>
          <technical>
            <fingering default-x="3" default-y="20" placement="above">1</fingering>
          </technical>
        </notations>
      </note>
      <note default-x="190">
        <pitch>
          <step>G</step>
          <octave>5</octave>
        </pitch>
        <duration>1</duration>
        <voice>1</voice>
        <type>16th</type>
        <stem default-y="-30">down</stem>
        <beam number="1">end</beam>
        <beam number="2">end</beam>
        <notations>
          <technical>
            <fingering default-x="1" default-y="15" placement="above">2</fingering>
          </technical>
        </notations>
      </note>
    </measure>
    <!--=======================================================-->
    <measure number="11" width="243">
      <print new-system="yes">
        <system-layout>
          <system-distance>114</system-distance>
        </system-layout>
      </print>
      <note default-x="81">
        <pitch>
          <step>A</step>
          <octave>5</octave>
        </pitch>
        <duration>1</duration>
        <voice>1</voice>
        <type>16th</type>
        <stem default-y="-25">down</stem>
        <notations>
          <technical>
            <fingering default-x="1" default-y="20" placement="above">3</fingering>
          </technical>
        </notations>
      </note>
      <note default-x="102">
        <rest/>
        <duration>1</duration>
        <voice>1</voice>
        <type>16th</type>
      </note>
      <note default-x="123">
        <pitch>
          <step>C</step>
          <octave>6</octave>
        </pitch>
        <duration>1</duration>
        <voice>1</voice>
        <type>16th</type>
        <stem default-y="-20">down</stem>
        <notations>
          <technical>
            <fingering default-x="2" default-y="30" placement="above">5</fingering>
          </technical>
        </notations>
      </note>
      <note default-x="144">
        <rest/>
        <duration>1</duration>
        <voice>1</voice>
        <type>16th</type>
      </note>
      <note default-x="165">
        <pitch>
          <step>A</step>
          <octave>5</octave>
        </pitch>
        <duration>1</duration>
        <voice>1</voice>
        <type>16th</type>
        <stem default-y="-25">down</stem>
        <notations>
          <technical>
            <fingering default-x="2" default-y="20" placement="above">3</fingering>
          </technical>
        </notations>
      </note>
      <note default-x="186">
        <rest/>
        <duration>1</duration>
        <voice>1</voice>
        <type>16th</type>
      </note>
      <note default-x="205">
        <pitch>
          <step>F</step>
          <octave>5</octave>
        </pitch>
        <duration>1</duration>
        <voice>1</voice>
        <type>16th</type>
        <stem default-y="-35.5">down</stem>
        <notations>
          <technical>
            <fingering default-x="2" default-y="10" placement="above">2</fingering>
          </technical>
        </notations>
      </note>
      <note default-x="224">
        <rest/>
        <duration>1</duration>
        <voice>1</voice>
        <type>16th</type>
      </note>
    </measure>
    <!--=======================================================-->
    <measure number="12" width="160">
      <note default-x="14">
        <pitch>
          <step>E</step>
          <octave>5</octave>
        </pitch>
        <duration>1</duration>
        <voice>1</voice>
        <type>16th</type>
        <stem default-y="-40.5">down</stem>
        <notations>
          <technical>
            <fingering default-x="3" default-y="5" placement="above">1</fingering>
          </technical>
        </notations>
      </note>
      <note default-x="32">
        <rest/>
        <duration>1</duration>
        <voice>1</voice>
        <type>16th</type>
      </note>
      <note default-x="50">
        <pitch>
          <step>E</step>
          <octave>5</octave>
        </pitch>
        <duration>1</duration>
        <voice>1</voice>
        <type>16th</type>
        <stem default-y="-40.5">down</stem>
        <notations>
          <technical>
            <fingering default-x="3" default-y="5" placement="above">1</fingering>
          </technical>
        </notations>
      </note>
      <note default-x="69">
        <rest/>
        <duration>1</duration>
        <voice>1</voice>
        <type>16th</type>
      </note>
      <note default-x="87">
        <pitch>
          <step>G</step>
          <octave>5</octave>
        </pitch>
        <duration>1</duration>
        <voice>1</voice>
        <type>16th</type>
        <stem default-y="-40">down</stem>
        <beam number="1">begin</beam>
        <beam number="2">begin</beam>
        <notations>
          <technical>
            <fingering default-x="2" default-y="15" placement="above">3</fingering>
          </technical>
        </notations>
      </note>
      <note default-x="105">
        <pitch>
          <step>F</step>
          <octave>5</octave>
        </pitch>
        <duration>1</duration>
        <voice>1</voice>
        <type>16th</type>
        <stem default-y="-40">down</stem>
        <beam number="1">continue</beam>
        <beam number="2">end</beam>
        <notations>
          <technical>
            <fingering default-x="1" default-y="10" placement="above">2</fingering>
          </technical>
        </notations>
      </note>
      <note default-x="123">
        <pitch>
          <step>E</step>
          <octave>5</octave>
        </pitch>
        <duration>1</duration>
        <voice>1</voice>
        <type>16th</type>
        <stem default-y="-40">down</stem>
        <beam number="1">continue</beam>
        <beam number="2">begin</beam>
        <notations>
          <technical>
            <fingering default-x="3" default-y="5" placement="above">1</fingering>
          </technical>
        </notations>
      </note>
      <note default-x="142">
        <pitch>
          <step>F</step>
          <octave>5</octave>
        </pitch>
        <duration>1</duration>
        <voice>1</voice>
        <type>16th</type>
        <stem default-y="-40">down</stem>
        <beam number="1">end</beam>
        <beam number="2">end</beam>
        <notations>
          <technical>
            <fingering default-x="1" default-y="10" placement="above">2</fingering>
          </technical>
        </notations>
      </note>
    </measure>
    <!--=======================================================-->
    <measure number="13" width="140">
      <note default-x="14">
        <pitch>
          <step>G</step>
          <octave>5</octave>
        </pitch>
        <duration>3</duration>
        <voice>1</voice>
        <type>eighth</type>
        <dot/>
        <stem default-y="-30">down</stem>
        <notations>
          <technical>
            <fingering default-x="2" default-y="15" placement="above">3</fingering>
          </technical>
        </notations>
      </note>
      <note default-x="47">
        <rest/>
        <duration>1</duration>
        <voice>1</voice>
        <type>16th</type>
      </note>
      <note default-x="66">
        <pitch>
          <step>C</step>
          <octave>5</octave>
        </pitch>
        <duration>1</duration>
        <voice>1</voice>
        <type>16th</type>
        <stem default-y="-50">down</stem>
        <notations>
          <technical>
            <fingering default-x="3" default-y="-7" placement="above">1</fingering>
          </technical>
        </notations>
      </note>
      <note default-x="84">
        <rest/>
        <duration>1</duration>
        <voice>1</voice>
        <type>16th</type>
      </note>
      <note default-x="103">
        <pitch>
          <step>C</step>
          <octave>5</octave>
        </pitch>
        <duration>1</duration>
        <voice>1</voice>
        <type>16th</type>
        <stem default-y="-50">down</stem>
        <notations>
          <technical>
            <fingering default-x="2" default-y="-7" placement="above">1</fingering>
          </technical>
        </notations>
      </note>
      <note default-x="121">
        <rest/>
        <duration>1</duration>
        <voice>1</voice>
        <type>16th</type>
      </note>
    </measure>
    <!--=======================================================-->
    <measure number="14" width="163">
      <note default-x="14">
        <pitch>
          <step>C</step>
          <octave>5</octave>
        </pitch>
        <duration>2</duration>
        <voice>1</voice>
        <type>eighth</type>
        <stem default-y="-50">down</stem>
        <beam number="1">begin</beam>
        <notations>
          <technical>
            <fingering default-x="2" default-y="-7" placement="above">1</fingering>
          </technical>
        </notations>
      </note>
      <note default-x="36">
        <pitch>
          <step>F</step>
          <octave>5</octave>
        </pitch>
        <duration>1</duration>
        <voice>1</voice>
        <type>16th</type>
        <stem default-y="-47">down</stem>
        <beam number="1">continue</beam>
        <beam number="2">begin</beam>
        <notations>
          <technical>
            <fingering default-x="2" default-y="10" placement="above">2</fingering>
          </technical>
        </notations>
      </note>
      <note default-x="57">
        <pitch>
          <step>A</step>
          <octave>5</octave>
        </pitch>
        <duration>1</duration>
        <voice>1</voice>
        <type>16th</type>
        <stem default-y="-45">down</stem>
        <beam number="1">end</beam>
        <beam number="2">end</beam>
        <notations>
          <technical>
            <fingering default-x="2" default-y="20" placement="above">3</fingering>
          </technical>
        </notations>
      </note>
      <note default-x="80">
        <pitch>
          <step>C</step>
          <octave>6</octave>
        </pitch>
        <duration>2</duration>
        <voice>1</voice>
        <type>eighth</type>
        <stem default-y="-20">down</stem>
        <notations>
          <technical>
            <fingering default-x="2" default-y="30" placement="above">5</fingering>
          </technical>
        </notations>
      </note>
      <note default-x="123">
        <rest/>
        <duration>2</duration>
        <voice>1</voice>
        <type>eighth</type>
      </note>
    </measure>
    <!--=======================================================-->
    <measure number="15" width="154">
      <note default-x="13">
        <pitch>
          <step>D</step>
          <octave>5</octave>
        </pitch>
        <duration>2</duration>
        <voice>1</voice>
        <type>eighth</type>
        <stem default-y="-45">down</stem>
        <beam number="1">begin</beam>
        <notations>
          <technical>
            <fingering default-x="3" default-y="3" placement="above">1</fingering>
          </technical>
        </notations>
      </note>
      <note default-x="36">
        <pitch>
          <step>F</step>
          <octave>5</octave>
        </pitch>
        <duration>1</duration>
        <voice>1</voice>
        <type>16th</type>
        <stem default-y="-42">down</stem>
        <beam number="1">continue</beam>
        <beam number="2">begin</beam>
        <notations>
          <technical>
            <fingering default-x="2" default-y="10" placement="above">2</fingering>
          </technical>
        </notations>
      </note>
      <note default-x="56">
        <pitch>
          <step>B</step>
          <alter>-1</alter>
          <octave>5</octave>
        </pitch>
        <duration>1</duration>
        <voice>1</voice>
        <type>16th</type>
        <stem default-y="-40">down</stem>
        <beam number="1">end</beam>
        <beam number="2">end</beam>
        <notations>
          <technical>
            <fingering default-x="2" default-y="25" placement="above">3</fingering>
          </technical>
        </notations>
      </note>
      <note default-x="80">
        <pitch>
          <step>D</step>
          <octave>6</octave>
        </pitch>
        <duration>2</duration>
        <voice>1</voice>
        <type>eighth</type>
        <stem default-y="-20">down</stem>
        <notations>
          <technical>
            <fingering default-x="2" default-y="35" placement="above">5</fingering>
          </technical>
        </notations>
      </note>
      <note default-x="117">
        <rest/>
        <duration>2</duration>
        <voice>1</voice>
        <type>eighth</type>
      </note>
    </measure>
    <!--=======================================================-->
    <measure number="16" width="200">
      <note default-x="16">
        <pitch>
          <step>C</step>
          <octave>6</octave>
        </pitch>
        <duration>1</duration>
        <voice>1</voice>
        <type>16th</type>
        <stem default-y="-25">down</stem>
        <beam number="1">begin</beam>
        <beam number="2">begin</beam>
        <notations>
          <technical>
            <fingering default-x="3" default-y="30" placement="above">1</fingering>
          </technical>
        </notations>
      </note>
      <note default-x="40">
        <pitch>
          <step>F</step>
          <octave>6</octave>
        </pitch>
        <duration>1</duration>
        <voice>1</voice>
        <type>16th</type>
        <stem default-y="-23">down</stem>
        <beam number="1">continue</beam>
        <beam number="2">end</beam>
        <notations>
          <technical>
            <fingering default-x="2" default-y="45" placement="above">5</fingering>
          </technical>
        </notations>
      </note>
      <note default-x="64">
        <pitch>
          <step>E</step>
          <octave>6</octave>
        </pitch>
        <duration>1</duration>
        <voice>1</voice>
        <type>16th</type>
        <stem default-y="-22">down</stem>
        <beam number="1">continue</beam>
        <beam number="2">begin</beam>
        <notations>
          <technical>
            <fingering default-x="1" default-y="40" placement="above">4</fingering>
          </technical>
        </notations>
      </note>
      <note default-x="88">
        <pitch>
          <step>D</step>
          <octave>6</octave>
        </pitch>
        <duration>1</duration>
        <voice>1</voice>
        <type>16th</type>
        <stem default-y="-20">down</stem>
        <beam number="1">end</beam>
        <beam number="2">end</beam>
        <notations>
          <technical>
            <fingering default-x="2" default-y="35" placement="above">3</fingering>
          </technical>
        </notations>
      </note>
      <note default-x="111">
        <pitch>
          <step>C</step>
          <octave>6</octave>
        </pitch>
        <duration>1</duration>
        <voice>1</voice>
        <type>16th</type>
        <stem default-y="-25">down</stem>
        <beam number="1">begin</beam>
        <beam number="2">begin</beam>
        <notations>
          <technical>
            <fingering default-x="2" default-y="30" placement="above">2</fingering>
          </technical>
        </notations>
      </note>
      <note default-x="135">
        <pitch>
          <step>B</step>
          <alter>-1</alter>
          <octave>5</octave>
        </pitch>
        <duration>1</duration>
        <voice>1</voice>
        <type>16th</type>
        <stem default-y="-27">down</stem>
        <beam number="1">continue</beam>
        <beam number="2">end</beam>
        <notations>
          <technical>
            <fingering default-x="3" default-y="25" placement="above">1</fingering>
          </technical>
        </notations>
      </note>
      <note default-x="159">
        <pitch>
          <step>A</step>
          <octave>5</octave>
        </pitch>
        <duration>1</duration>
        <voice>1</voice>
        <type>16th</type>
        <stem default-y="-28">down</stem>
        <beam number="1">continue</beam>
        <beam number="2">begin</beam>
        <notations>
          <technical>
            <fingering default-x="2" default-y="20" placement="above">3</fingering>
          </technical>
        </notations>
      </note>
      <note default-x="180">
        <pitch>
          <step>G</step>
          <octave>5</octave>
        </pitch>
        <duration>1</duration>
        <voice>1</voice>
        <type>16th</type>
        <stem default-y="-30">down</stem>
        <beam number="1">end</beam>
        <beam number="2">end</beam>
        <notations>
          <technical>
            <fingering default-x="2" default-y="15" placement="above">2</fingering>
          </technical>
        </notations>
      </note>
    </measure>
    <!--=======================================================-->
    <measure number="17" width="1060">
      <print new-system="yes">
        <system-layout>
          <system-distance>114</system-distance>
        </system-layout>
      </print>
      <note default-x="78">
        <pitch>
          <step>F</step>
          <octave>5</octave>
        </pitch>
        <duration>1</duration>
        <voice>1</voice>
        <type>16th</type>
        <stem default-y="-35">down</stem>
        <notations>
          <technical>
            <fingering default-x="3" default-y="10" placement="above">1</fingering>
          </technical>
        </notations>
      </note>
      <note default-x="213">
        <rest/>
        <duration>1</duration>
        <voice>1</voice>
        <type>16th</type>
      </note>
      <note default-x="347">
        <pitch>
          <step>F</step>
          <octave>5</octave>
        </pitch>
        <duration>1</duration>
        <voice>1</voice>
        <type>16th</type>
        <stem default-y="-35">down</stem>
        <notations>
          <technical>
            <fingering default-x="3" default-y="10" placement="above">1</fingering>
          </technical>
        </notations>
      </note>
      <note default-x="481">
        <rest/>
        <duration>1</duration>
        <voice>1</voice>
        <type>16th</type>
      </note>
      <note default-x="615">
        <pitch>
          <step>F</step>
          <octave>5</octave>
        </pitch>
        <duration>2</duration>
        <voice>1</voice>
        <type>eighth</type>
        <stem default-y="-35">down</stem>
        <notations>
          <technical>
            <fingering default-x="2" default-y="10" placement="above">1</fingering>
          </technical>
        </notations>
      </note>
      <note default-x="832">
        <rest/>
        <duration>2</duration>
        <voice>1</voice>
        <type>eighth</type>
      </note>
      <barline location="right">
        <bar-style>light-heavy</bar-style>
      </barline>
    </measure>
  </part>
  <!--=========================================================-->
  <part id="P2">
    <measure number="1" width="215">
      <print>
        <measure-numbering>none</measure-numbering>
      </print>
      <attributes>
        <divisions>4</divisions>
        <key>
          <fifths>-1</fifths>
          <mode>major</mode>
        </key>
        <time>
          <beats>2</beats>
          <beat-type>4</beat-type>
        </time>
        <clef>
          <sign>F</sign>
          <line>4</line>
        </clef>
      </attributes>
      <sound tempo="120"/>
      <note>
        <rest measure="yes"/>
        <duration>8</duration>
        <voice>1</voice>
      </note>
    </measure>
    <!--=======================================================-->
    <measure number="2" width="181">
      <note default-x="13">
        <pitch>
          <step>F</step>
          <octave>3</octave>
        </pitch>
        <duration>2</duration>
        <voice>1</voice>
        <type>eighth</type>
        <stem default-y="-45">down</stem>
        <beam number="1">begin</beam>
        <notations>
          <technical>
            <fingering default-x="2" default-y="3" placement="above">5</fingering>
          </technical>
        </notations>
      </note>
      <note default-x="45">
        <pitch>
          <step>A</step>
          <octave>3</octave>
        </pitch>
        <duration>1</duration>
        <voice>1</voice>
        <type>16th</type>
        <stem default-y="-40">down</stem>
        <beam number="1">end</beam>
        <beam number="2">backward hook</beam>
        <notations>
          <technical>
            <fingering default-x="2" default-y="20" placement="above">3</fingering>
            <fingering default-x="3" default-y="20" placement="above">1</fingering>
          </technical>
        </notations>
      </note>
      <note default-x="45">
        <chord/>
        <pitch>
          <step>C</step>
          <octave>4</octave>
        </pitch>
        <duration>1</duration>
        <voice>1</voice>
        <type>16th</type>
        <stem>down</stem>
      </note>
      <note default-x="68">
        <rest/>
        <duration>1</duration>
        <voice>1</voice>
        <type>16th</type>
      </note>
      <note default-x="91">
        <pitch>
          <step>A</step>
          <octave>3</octave>
        </pitch>
        <duration>1</duration>
        <voice>1</voice>
        <type>16th</type>
        <stem default-y="-35.5">down</stem>
        <notations>
          <technical>
            <fingering default-x="2" default-y="20" placement="above">3</fingering>
            <fingering default-x="3" default-y="20" placement="above">1</fingering>
          </technical>
        </notations>
      </note>
      <note default-x="91">
        <chord/>
        <pitch>
          <step>C</step>
          <octave>4</octave>
        </pitch>
        <duration>1</duration>
        <voice>1</voice>
        <type>16th</type>
        <stem>down</stem>
      </note>
      <note default-x="114">
        <rest/>
        <duration>1</duration>
        <voice>1</voice>
        <type>16th</type>
      </note>
      <note default-x="136">
        <pitch>
          <step>A</step>
          <octave>3</octave>
        </pitch>
        <duration>1</duration>
        <voice>1</voice>
        <type>16th</type>
        <stem default-y="-35.5">down</stem>
        <notations>
          <technical>
            <fingering default-x="2" default-y="20" placement="above">3</fingering>
            <fingering default-x="3" default-y="20" placement="above">1</fingering>
          </technical>
        </notations>
      </note>
      <note default-x="136">
        <chord/>
        <pitch>
          <step>C</step>
          <octave>4</octave>
        </pitch>
        <duration>1</duration>
        <voice>1</voice>
        <type>16th</type>
        <stem>down</stem>
      </note>
      <note default-x="159">
        <rest/>
        <duration>1</duration>
        <voice>1</voice>
        <type>16th</type>
      </note>
    </measure>
    <!--=======================================================-->
    <measure number="3" width="181">
      <note default-x="13">
        <pitch>
          <step>F</step>
          <octave>3</octave>
        </pitch>
        <duration>2</duration>
        <voice>1</voice>
        <type>eighth</type>
        <stem default-y="-45">down</stem>
        <beam number="1">begin</beam>
        <notations>
          <technical>
            <fingering default-x="2" default-y="3" placement="above">5</fingering>
          </technical>
        </notations>
      </note>
      <note default-x="45">
        <pitch>
          <step>A</step>
          <octave>3</octave>
        </pitch>
        <duration>1</duration>
        <voice>1</voice>
        <type>16th</type>
        <stem default-y="-40">down</stem>
        <beam number="1">end</beam>
        <beam number="2">backward hook</beam>
        <notations>
          <technical>
            <fingering default-x="2" default-y="20" placement="above">3</fingering>
            <fingering default-x="3" default-y="20" placement="above">1</fingering>
          </technical>
        </notations>
      </note>
      <note default-x="45">
        <chord/>
        <pitch>
          <step>C</step>
          <octave>4</octave>
        </pitch>
        <duration>1</duration>
        <voice>1</voice>
        <type>16th</type>
        <stem>down</stem>
      </note>
      <note default-x="68">
        <rest/>
        <duration>1</duration>
        <voice>1</voice>
        <type>16th</type>
      </note>
      <note default-x="91">
        <pitch>
          <step>A</step>
          <octave>3</octave>
        </pitch>
        <duration>1</duration>
        <voice>1</voice>
        <type>16th</type>
        <stem default-y="-35.5">down</stem>
        <notations>
          <technical>
            <fingering default-x="2" default-y="20" placement="above">3</fingering>
            <fingering default-x="3" default-y="20" placement="above">1</fingering>
          </technical>
        </notations>
      </note>
      <note default-x="91">
        <chord/>
        <pitch>
          <step>C</step>
          <octave>4</octave>
        </pitch>
        <duration>1</duration>
        <voice>1</voice>
        <type>16th</type>
        <stem>down</stem>
      </note>
      <note default-x="114">
        <rest/>
        <duration>1</duration>
        <voice>1</voice>
        <type>16th</type>
      </note>
      <note default-x="136">
        <pitch>
          <step>A</step>
          <octave>3</octave>
        </pitch>
        <duration>1</duration>
        <voice>1</voice>
        <type>16th</type>
        <stem default-y="-35.5">down</stem>
        <notations>
          <technical>
            <fingering default-x="2" default-y="20" placement="above">3</fingering>
            <fingering default-x="3" default-y="20" placement="above">1</fingering>
          </technical>
        </notations>
      </note>
      <note default-x="136">
        <chord/>
        <pitch>
          <step>C</step>
          <octave>4</octave>
        </pitch>
        <duration>1</duration>
        <voice>1</voice>
        <type>16th</type>
        <stem>down</stem>
      </note>
      <note default-x="159">
        <rest/>
        <duration>1</duration>
        <voice>1</voice>
        <type>16th</type>
      </note>
    </measure>
    <!--=======================================================-->
    <measure number="4" width="210">
      <note default-x="16">
        <pitch>
          <step>C</step>
          <octave>3</octave>
        </pitch>
        <duration>2</duration>
        <voice>1</voice>
        <type>eighth</type>
        <stem default-y="-60">down</stem>
        <beam number="1">begin</beam>
        <notations>
          <technical>
            <fingering default-x="2" default-y="-17" placement="above">5</fingering>
          </technical>
        </notations>
      </note>
      <note default-x="65">
        <pitch>
          <step>E</step>
          <octave>3</octave>
        </pitch>
        <duration>1</duration>
        <voice>1</voice>
        <type>16th</type>
        <stem default-y="-55">down</stem>
        <beam number="1">end</beam>
        <beam number="2">backward hook</beam>
        <notations>
          <technical>
            <fingering default-x="2" default-y="15" placement="above">3</fingering>
            <fingering default-x="3" default-y="15" placement="above">1</fingering>
          </technical>
        </notations>
      </note>
      <note default-x="65">
        <chord/>
        <pitch>
          <step>B</step>
          <alter>-1</alter>
          <octave>3</octave>
        </pitch>
        <duration>1</duration>
        <voice>1</voice>
        <type>16th</type>
        <stem>down</stem>
      </note>
      <note default-x="88">
        <rest/>
        <duration>1</duration>
        <voice>1</voice>
        <type>16th</type>
      </note>
      <note default-x="113">
        <pitch>
          <step>E</step>
          <octave>3</octave>
        </pitch>
        <duration>1</duration>
        <voice>1</voice>
        <type>16th</type>
        <stem default-y="-50">down</stem>
        <notations>
          <technical>
            <fingering default-x="1" default-y="15" placement="above">3</fingering>
            <fingering default-x="2" default-y="15" placement="above">1</fingering>
          </technical>
        </notations>
      </note>
      <note default-x="113">
        <chord/>
        <pitch>
          <step>B</step>
          <alter>-1</alter>
          <octave>3</octave>
        </pitch>
        <duration>1</duration>
        <voice>1</voice>
        <type>16th</type>
        <stem>down</stem>
      </note>
      <note default-x="137">
        <rest/>
        <duration>1</duration>
        <voice>1</voice>
        <type>16th</type>
      </note>
      <note default-x="161">
        <pitch>
          <step>E</step>
          <octave>3</octave>
        </pitch>
        <duration>1</duration>
        <voice>1</voice>
        <type>16th</type>
        <stem default-y="-50">down</stem>
        <notations>
          <technical>
            <fingering default-x="2" default-y="15" placement="above">3</fingering>
            <fingering default-x="3" default-y="15" placement="above">1</fingering>
          </technical>
        </notations>
      </note>
      <note default-x="161">
        <chord/>
        <pitch>
          <step>B</step>
          <alter>-1</alter>
          <octave>3</octave>
        </pitch>
        <duration>1</duration>
        <voice>1</voice>
        <type>16th</type>
        <stem>down</stem>
      </note>
      <note default-x="184">
        <rest/>
        <duration>1</duration>
        <voice>1</voice>
        <type>16th</type>
      </note>
    </measure>
    <!--=======================================================-->
    <measure number="5" width="204">
      <note default-x="16">
        <pitch>
          <step>F</step>
          <octave>3</octave>
        </pitch>
        <duration>2</duration>
        <voice>1</voice>
        <type>eighth</type>
        <stem default-y="-45">down</stem>
        <beam number="1">begin</beam>
        <notations>
          <technical>
            <fingering default-x="1" default-y="3" placement="above">4</fingering>
          </technical>
        </notations>
      </note>
      <note default-x="63">
        <pitch>
          <step>A</step>
          <octave>3</octave>
        </pitch>
        <duration>1</duration>
        <voice>1</voice>
        <type>16th</type>
        <stem default-y="-40">down</stem>
        <beam number="1">end</beam>
        <beam number="2">backward hook</beam>
        <notations>
          <technical>
            <fingering default-x="2" default-y="20" placement="above">2</fingering>
            <fingering default-x="3" default-y="20" placement="above">1</fingering>
          </technical>
        </notations>
      </note>
      <note default-x="63">
        <chord/>
        <pitch>
          <step>C</step>
          <octave>4</octave>
        </pitch>
        <duration>1</duration>
        <voice>1</voice>
        <type>16th</type>
        <stem>down</stem>
      </note>
      <note default-x="86">
        <rest/>
        <duration>1</duration>
        <voice>1</voice>
        <type>16th</type>
      </note>
      <note default-x="110">
        <pitch>
          <step>A</step>
          <octave>3</octave>
        </pitch>
        <duration>1</duration>
        <voice>1</voice>
        <type>16th</type>
        <stem default-y="-35.5">down</stem>
        <notations>
          <technical>
            <fingering default-x="2" default-y="20" placement="above">2</fingering>
            <fingering default-x="3" default-y="20" placement="above">1</fingering>
          </technical>
        </notations>
      </note>
      <note default-x="110">
        <chord/>
        <pitch>
          <step>C</step>
          <octave>4</octave>
        </pitch>
        <duration>1</duration>
        <voice>1</voice>
        <type>16th</type>
        <stem>down</stem>
      </note>
      <note default-x="133">
        <rest/>
        <duration>1</duration>
        <voice>1</voice>
        <type>16th</type>
      </note>
      <note default-x="156">
        <pitch>
          <step>A</step>
          <octave>3</octave>
        </pitch>
        <duration>1</duration>
        <voice>1</voice>
        <type>16th</type>
        <stem default-y="-35.5">down</stem>
        <notations>
          <technical>
            <fingering default-x="2" default-y="20" placement="above">2</fingering>
            <fingering default-x="3" default-y="20" placement="above">1</fingering>
          </technical>
        </notations>
      </note>
      <note default-x="156">
        <chord/>
        <pitch>
          <step>C</step>
          <octave>4</octave>
        </pitch>
        <duration>1</duration>
        <voice>1</voice>
        <type>16th</type>
        <stem>down</stem>
      </note>
      <note default-x="180">
        <rest/>
        <duration>1</duration>
        <voice>1</voice>
        <type>16th</type>
      </note>
    </measure>
    <!--=======================================================-->
    <measure number="6" width="251">
      <print new-system="yes"/>
      <note default-x="78">
        <pitch>
          <step>F</step>
          <octave>3</octave>
        </pitch>
        <duration>2</duration>
        <voice>1</voice>
        <type>eighth</type>
        <stem default-y="-45">down</stem>
        <beam number="1">begin</beam>
        <notations>
          <technical>
            <fingering default-x="1" default-y="3" placement="above">4</fingering>
          </technical>
        </notations>
      </note>
      <note default-x="113">
        <pitch>
          <step>A</step>
          <octave>3</octave>
        </pitch>
        <duration>1</duration>
        <voice>1</voice>
        <type>16th</type>
        <stem default-y="-40">down</stem>
        <beam number="1">end</beam>
        <beam number="2">backward hook</beam>
        <notations>
          <technical>
            <fingering default-x="2" default-y="20" placement="above">2</fingering>
            <fingering default-x="3" default-y="20" placement="above">1</fingering>
          </technical>
        </notations>
      </note>
      <note default-x="113">
        <chord/>
        <pitch>
          <step>C</step>
          <octave>4</octave>
        </pitch>
        <duration>1</duration>
        <voice>1</voice>
        <type>16th</type>
        <stem>down</stem>
      </note>
      <note default-x="136">
        <rest/>
        <duration>1</duration>
        <voice>1</voice>
        <type>16th</type>
      </note>
      <note default-x="159">
        <pitch>
          <step>A</step>
          <octave>3</octave>
        </pitch>
        <duration>1</duration>
        <voice>1</voice>
        <type>16th</type>
        <stem default-y="-35">down</stem>
        <notations>
          <technical>
            <fingering default-x="2" default-y="20" placement="above">2</fingering>
            <fingering default-x="3" default-y="20" placement="above">1</fingering>
          </technical>
        </notations>
      </note>
      <note default-x="159">
        <chord/>
        <pitch>
          <step>C</step>
          <octave>4</octave>
        </pitch>
        <duration>1</duration>
        <voice>1</voice>
        <type>16th</type>
        <stem>down</stem>
      </note>
      <note default-x="182">
        <rest/>
        <duration>1</duration>
        <voice>1</voice>
        <type>16th</type>
      </note>
      <note default-x="205">
        <pitch>
          <step>A</step>
          <octave>3</octave>
        </pitch>
        <duration>1</duration>
        <voice>1</voice>
        <type>16th</type>
        <stem default-y="-35">down</stem>
        <notations>
          <technical>
            <fingering default-x="2" default-y="20" placement="above">2</fingering>
            <fingering default-x="3" default-y="20" placement="above">1</fingering>
          </technical>
        </notations>
      </note>
      <note default-x="205">
        <chord/>
        <pitch>
          <step>C</step>
          <octave>4</octave>
        </pitch>
        <duration>1</duration>
        <voice>1</voice>
        <type>16th</type>
        <stem>down</stem>
      </note>
      <note default-x="228">
        <rest/>
        <duration>1</duration>
        <voice>1</voice>
        <type>16th</type>
      </note>
    </measure>
    <!--=======================================================-->
    <measure number="7" width="187">
      <note default-x="13">
        <pitch>
          <step>F</step>
          <octave>3</octave>
        </pitch>
        <duration>2</duration>
        <voice>1</voice>
        <type>eighth</type>
        <stem default-y="-45">down</stem>
        <beam number="1">begin</beam>
        <notations>
          <technical>
            <fingering default-x="1" default-y="3" placement="above">4</fingering>
          </technical>
        </notations>
      </note>
      <note default-x="48">
        <pitch>
          <step>A</step>
          <octave>3</octave>
        </pitch>
        <duration>1</duration>
        <voice>1</voice>
        <type>16th</type>
        <stem default-y="-40">down</stem>
        <beam number="1">end</beam>
        <beam number="2">backward hook</beam>
        <notations>
          <technical>
            <fingering default-x="2" default-y="20" placement="above">2</fingering>
            <fingering default-x="3" default-y="20" placement="above">1</fingering>
          </technical>
        </notations>
      </note>
      <note default-x="48">
        <chord/>
        <pitch>
          <step>C</step>
          <octave>4</octave>
        </pitch>
        <duration>1</duration>
        <voice>1</voice>
        <type>16th</type>
        <stem>down</stem>
      </note>
      <note default-x="71">
        <rest/>
        <duration>1</duration>
        <voice>1</voice>
        <type>16th</type>
      </note>
      <note default-x="95">
        <pitch>
          <step>A</step>
          <octave>3</octave>
        </pitch>
        <duration>1</duration>
        <voice>1</voice>
        <type>16th</type>
        <stem default-y="-35">down</stem>
        <notations>
          <technical>
            <fingering default-x="2" default-y="20" placement="above">2</fingering>
            <fingering default-x="3" default-y="20" placement="above">1</fingering>
          </technical>
        </notations>
      </note>
      <note default-x="95">
        <chord/>
        <pitch>
          <step>C</step>
          <octave>4</octave>
        </pitch>
        <duration>1</duration>
        <voice>1</voice>
        <type>16th</type>
        <stem>down</stem>
      </note>
      <note default-x="118">
        <rest/>
        <duration>1</duration>
        <voice>1</voice>
        <type>16th</type>
      </note>
      <note default-x="141">
        <pitch>
          <step>A</step>
          <octave>3</octave>
        </pitch>
        <duration>1</duration>
        <voice>1</voice>
        <type>16th</type>
        <stem default-y="-35">down</stem>
        <notations>
          <technical>
            <fingering default-x="2" default-y="20" placement="above">2</fingering>
            <fingering default-x="3" default-y="20" placement="above">1</fingering>
          </technical>
        </notations>
      </note>
      <note default-x="141">
        <chord/>
        <pitch>
          <step>C</step>
          <octave>4</octave>
        </pitch>
        <duration>1</duration>
        <voice>1</voice>
        <type>16th</type>
        <stem>down</stem>
      </note>
      <note default-x="164">
        <rest/>
        <duration>1</duration>
        <voice>1</voice>
        <type>16th</type>
      </note>
    </measure>
    <!--=======================================================-->
    <measure number="8" width="239">
      <note default-x="13">
        <pitch>
          <step>G</step>
          <octave>3</octave>
        </pitch>
        <duration>2</duration>
        <voice>1</voice>
        <type>eighth</type>
        <stem default-y="-40">down</stem>
        <beam number="1">begin</beam>
        <notations>
          <technical>
            <fingering default-x="2" default-y="5" placement="above">5</fingering>
          </technical>
        </notations>
      </note>
      <note default-x="68">
        <pitch>
          <step>C</step>
          <octave>4</octave>
        </pitch>
        <duration>1</duration>
        <voice>1</voice>
        <type>16th</type>
        <stem default-y="-35">down</stem>
        <beam number="1">end</beam>
        <beam number="2">backward hook</beam>
        <notations>
          <technical>
            <fingering default-x="1" default-y="30" placement="above">2</fingering>
            <fingering default-x="2" default-y="30" placement="above">1</fingering>
          </technical>
        </notations>
      </note>
      <note default-x="68">
        <chord/>
        <pitch>
          <step>E</step>
          <octave>4</octave>
        </pitch>
        <duration>1</duration>
        <voice>1</voice>
        <type>16th</type>
        <stem>down</stem>
      </note>
      <note default-x="96">
        <rest/>
        <duration>1</duration>
        <voice>1</voice>
        <type>16th</type>
      </note>
      <note default-x="128">
        <pitch>
          <step>G</step>
          <octave>3</octave>
        </pitch>
        <duration>2</duration>
        <voice>1</voice>
        <type>eighth</type>
        <stem default-y="-40">down</stem>
        <beam number="1">begin</beam>
        <notations>
          <technical>
            <fingering default-x="2" default-y="5" placement="above">5</fingering>
          </technical>
        </notations>
      </note>
      <note default-x="184">
        <pitch>
          <step>D</step>
          <octave>4</octave>
        </pitch>
        <duration>1</duration>
        <voice>1</voice>
        <type>16th</type>
        <stem default-y="-35">down</stem>
        <beam number="1">end</beam>
        <beam number="2">backward hook</beam>
        <notations>
          <technical>
            <fingering default-x="2" default-y="35" placement="above">2</fingering>
            <fingering default-x="3" default-y="35" placement="above">1</fingering>
          </technical>
        </notations>
      </note>
      <note default-x="184">
        <chord/>
        <pitch>
          <step>F</step>
          <octave>4</octave>
        </pitch>
        <duration>1</duration>
        <voice>1</voice>
        <type>16th</type>
        <stem>down</stem>
      </note>
      <note default-x="212">
        <rest/>
        <duration>1</duration>
        <voice>1</voice>
        <type>16th</type>
      </note>
    </measure>
    <!--=======================================================-->
    <measure number="9" width="167">
      <note default-x="16">
        <pitch>
          <step>C</step>
          <octave>4</octave>
        </pitch>
        <duration>1</duration>
        <voice>1</voice>
        <type>16th</type>
        <stem default-y="-25.5">down</stem>
        <notations>
          <technical>
            <fingering default-x="2" default-y="30" placement="above">2</fingering>
            <fingering default-x="3" default-y="30" placement="above">1</fingering>
          </technical>
        </notations>
      </note>
      <note default-x="16">
        <chord/>
        <pitch>
          <step>E</step>
          <octave>4</octave>
        </pitch>
        <duration>1</duration>
        <voice>1</voice>
        <type>16th</type>
        <stem>down</stem>
      </note>
      <note default-x="37">
        <rest/>
        <duration>1</duration>
        <voice>1</voice>
        <type>16th</type>
      </note>
      <note default-x="59">
        <pitch>
          <step>C</step>
          <octave>4</octave>
        </pitch>
        <duration>1</duration>
        <voice>1</voice>
        <type>16th</type>
        <stem default-y="-25.5">down</stem>
        <notations>
          <technical>
            <fingering default-x="2" default-y="30" placement="above">2</fingering>
            <fingering default-x="3" default-y="30" placement="above">1</fingering>
          </technical>
        </notations>
      </note>
      <note default-x="59">
        <chord/>
        <pitch>
          <step>E</step>
          <octave>4</octave>
        </pitch>
        <duration>1</duration>
        <voice>1</voice>
        <type>16th</type>
        <stem>down</stem>
      </note>
      <note default-x="80">
        <rest/>
        <duration>1</duration>
        <voice>1</voice>
        <type>16th</type>
      </note>
      <note default-x="101">
        <pitch>
          <step>C</step>
          <octave>4</octave>
        </pitch>
        <duration>2</duration>
        <voice>1</voice>
        <type>eighth</type>
        <stem default-y="-25.5">down</stem>
        <notations>
          <technical>
            <fingering default-x="2" default-y="30" placement="above">2</fingering>
            <fingering default-x="3" default-y="30" placement="above">1</fingering>
          </technical>
        </notations>
      </note>
      <note default-x="101">
        <chord/>
        <pitch>
          <step>E</step>
          <octave>4</octave>
        </pitch>
        <duration>2</duration>
        <voice>1</voice>
        <type>eighth</type>
        <stem>down</stem>
      </note>
      <note default-x="133">
        <rest/>
        <duration>2</duration>
        <voice>1</voice>
        <type>eighth</type>
      </note>
    </measure>
    <!--=======================================================-->
    <measure number="10" width="216">
      <note default-x="16">
        <pitch>
          <step>E</step>
          <octave>3</octave>
        </pitch>
        <duration>2</duration>
        <voice>1</voice>
        <type>eighth</type>
        <stem default-y="-55">down</stem>
        <beam number="1">begin</beam>
        <notations>
          <technical>
            <fingering default-x="2" default-y="5" placement="above">2</fingering>
            <fingering default-x="3" default-y="5" placement="above">1</fingering>
          </technical>
        </notations>
      </note>
      <note default-x="16">
        <chord/>
        <pitch>
          <step>G</step>
          <octave>3</octave>
        </pitch>
        <duration>2</duration>
        <voice>1</voice>
        <type>eighth</type>
        <stem>down</stem>
      </note>
      <note default-x="66">
        <pitch>
          <step>C</step>
          <octave>3</octave>
        </pitch>
        <duration>2</duration>
        <voice>1</voice>
        <type>eighth</type>
        <stem default-y="-60">down</stem>
        <beam number="1">end</beam>
        <notations>
          <technical>
            <fingering default-x="2" default-y="-17" placement="above">5</fingering>
          </technical>
        </notations>
      </note>
      <note default-x="116">
        <pitch>
          <step>E</step>
          <octave>3</octave>
        </pitch>
        <duration>2</duration>
        <voice>1</voice>
        <type>eighth</type>
        <stem default-y="-55">down</stem>
        <beam number="1">begin</beam>
        <notations>
          <technical>
            <fingering default-x="2" default-y="5" placement="above">2</fingering>
            <fingering default-x="3" default-y="5" placement="above">1</fingering>
          </technical>
        </notations>
      </note>
      <note default-x="116">
        <chord/>
        <pitch>
          <step>G</step>
          <octave>3</octave>
        </pitch>
        <duration>2</duration>
        <voice>1</voice>
        <type>eighth</type>
        <stem>down</stem>
      </note>
      <note default-x="165">
        <pitch>
          <step>C</step>
          <octave>3</octave>
        </pitch>
        <duration>2</duration>
        <voice>1</voice>
        <type>eighth</type>
        <stem default-y="-60">down</stem>
        <beam number="1">end</beam>
        <notations>
          <technical>
            <fingering default-x="2" default-y="-17" placement="above">5</fingering>
          </technical>
        </notations>
      </note>
    </measure>
    <!--=======================================================-->
    <measure number="11" width="243">
      <print new-system="yes"/>
      <note default-x="81">
        <pitch>
          <step>F</step>
          <octave>3</octave>
        </pitch>
        <duration>2</duration>
        <voice>1</voice>
        <type>eighth</type>
        <stem default-y="-55">down</stem>
        <beam number="1">begin</beam>
        <notations>
          <technical>
            <fingering default-x="1" default-y="10" placement="above">2</fingering>
            <fingering default-x="2" default-y="10" placement="above">1</fingering>
          </technical>
        </notations>
      </note>
      <note default-x="81">
        <chord/>
        <pitch>
          <step>A</step>
          <octave>3</octave>
        </pitch>
        <duration>2</duration>
        <voice>1</voice>
        <type>eighth</type>
        <stem>down</stem>
      </note>
      <note default-x="123">
        <pitch>
          <step>C</step>
          <octave>3</octave>
        </pitch>
        <duration>2</duration>
        <voice>1</voice>
        <type>eighth</type>
        <stem default-y="-60">down</stem>
        <beam number="1">end</beam>
        <notations>
          <technical>
            <fingering default-x="2" default-y="-17" placement="above">5</fingering>
          </technical>
        </notations>
      </note>
      <note default-x="165">
        <pitch>
          <step>F</step>
          <octave>3</octave>
        </pitch>
        <duration>2</duration>
        <voice>1</voice>
        <type>eighth</type>
        <stem default-y="-55">down</stem>
        <beam number="1">begin</beam>
        <notations>
          <technical>
            <fingering default-x="2" default-y="10" placement="above">2</fingering>
            <fingering default-x="3" default-y="10" placement="above">1</fingering>
          </technical>
        </notations>
      </note>
      <note default-x="165">
        <chord/>
        <pitch>
          <step>A</step>
          <octave>3</octave>
        </pitch>
        <duration>2</duration>
        <voice>1</voice>
        <type>eighth</type>
        <stem>down</stem>
      </note>
      <note default-x="205">
        <pitch>
          <step>C</step>
          <octave>3</octave>
        </pitch>
        <duration>2</duration>
        <voice>1</voice>
        <type>eighth</type>
        <stem default-y="-60">down</stem>
        <beam number="1">end</beam>
        <notations>
          <technical>
            <fingering default-x="2" default-y="-17" placement="above">5</fingering>
          </technical>
        </notations>
      </note>
    </measure>
    <!--=======================================================-->
    <measure number="12" width="160">
      <note default-x="14">
        <pitch>
          <step>G</step>
          <octave>3</octave>
        </pitch>
        <duration>2</duration>
        <voice>1</voice>
        <type>eighth</type>
        <stem default-y="-55">down</stem>
        <beam number="1">begin</beam>
        <notations>
          <technical>
            <fingering default-x="2" default-y="15" placement="above">2</fingering>
            <fingering default-x="3" default-y="15" placement="above">1</fingering>
          </technical>
        </notations>
      </note>
      <note default-x="14">
        <chord/>
        <pitch>
          <step>B</step>
          <alter>-1</alter>
          <octave>3</octave>
        </pitch>
        <duration>2</duration>
        <voice>1</voice>
        <type>eighth</type>
        <stem>down</stem>
      </note>
      <note default-x="50">
        <pitch>
          <step>C</step>
          <octave>3</octave>
        </pitch>
        <duration>2</duration>
        <voice>1</voice>
        <type>eighth</type>
        <stem default-y="-60">down</stem>
        <beam number="1">end</beam>
        <notations>
          <technical>
            <fingering default-x="2" default-y="-17" placement="above">5</fingering>
          </technical>
        </notations>
      </note>
      <note default-x="87">
        <pitch>
          <step>F</step>
          <octave>3</octave>
        </pitch>
        <duration>2</duration>
        <voice>1</voice>
        <type>eighth</type>
        <stem default-y="-55">down</stem>
        <beam number="1">begin</beam>
        <notations>
          <technical>
            <fingering default-x="2" default-y="10" placement="above">2</fingering>
            <fingering default-x="3" default-y="10" placement="above">1</fingering>
          </technical>
        </notations>
      </note>
      <note default-x="87">
        <chord/>
        <pitch>
          <step>A</step>
          <octave>3</octave>
        </pitch>
        <duration>2</duration>
        <voice>1</voice>
        <type>eighth</type>
        <stem>down</stem>
      </note>
      <note default-x="123">
        <pitch>
          <step>C</step>
          <octave>3</octave>
        </pitch>
        <duration>2</duration>
        <voice>1</voice>
        <type>eighth</type>
        <stem default-y="-60">down</stem>
        <beam number="1">end</beam>
        <notations>
          <technical>
            <fingering default-x="2" default-y="-17" placement="above">5</fingering>
          </technical>
        </notations>
      </note>
    </measure>
    <!--=======================================================-->
    <measure number="13" width="140">
      <note default-x="14">
        <pitch>
          <step>E</step>
          <octave>3</octave>
        </pitch>
        <duration>2</duration>
        <voice>1</voice>
        <type>eighth</type>
        <stem default-y="-55">down</stem>
        <beam number="1">begin</beam>
        <notations>
          <technical>
            <fingering default-x="2" default-y="5" placement="above">3</fingering>
            <fingering default-x="3" default-y="5" placement="above">1</fingering>
          </technical>
        </notations>
      </note>
      <note default-x="14">
        <chord/>
        <pitch>
          <step>G</step>
          <octave>3</octave>
        </pitch>
        <duration>2</duration>
        <voice>1</voice>
        <type>eighth</type>
        <stem>down</stem>
      </note>
      <note default-x="37">
        <pitch>
          <step>C</step>
          <octave>3</octave>
        </pitch>
        <duration>2</duration>
        <voice>1</voice>
        <type>eighth</type>
        <stem default-y="-60">down</stem>
        <beam number="1">end</beam>
        <notations>
          <technical>
            <fingering default-x="2" default-y="-17" placement="above">5</fingering>
          </technical>
        </notations>
      </note>
      <note default-x="66">
        <pitch>
          <step>E</step>
          <octave>3</octave>
        </pitch>
        <duration>2</duration>
        <voice>1</voice>
        <type>eighth</type>
        <stem default-y="-55">down</stem>
        <beam number="1">begin</beam>
        <notations>
          <technical>
            <fingering default-x="2" default-y="5" placement="above">3</fingering>
            <fingering default-x="3" default-y="5" placement="above">1</fingering>
          </technical>
        </notations>
      </note>
      <note default-x="66">
        <chord/>
        <pitch>
          <step>G</step>
          <octave>3</octave>
        </pitch>
        <duration>2</duration>
        <voice>1</voice>
        <type>eighth</type>
        <stem>down</stem>
      </note>
      <note default-x="103">
        <pitch>
          <step>C</step>
          <octave>3</octave>
        </pitch>
        <duration>1</duration>
        <voice>1</voice>
        <type>16th</type>
        <stem default-y="-60">down</stem>
        <beam number="1">end</beam>
        <beam number="2">backward hook</beam>
        <notations>
          <technical>
            <fingering default-x="2" default-y="-17" placement="above">5</fingering>
          </technical>
        </notations>
      </note>
      <note default-x="121">
        <rest/>
        <duration>1</duration>
        <voice>1</voice>
        <type>16th</type>
      </note>
    </measure>
    <!--=======================================================-->
    <measure number="14" width="163">
      <note default-x="14">
        <pitch>
          <step>F</step>
          <octave>3</octave>
        </pitch>
        <duration>2</duration>
        <voice>1</voice>
        <type>eighth</type>
        <stem default-y="-45">down</stem>
        <beam number="1">begin</beam>
        <notations>
          <technical>
            <fingering default-x="2" default-y="3" placement="above">5</fingering>
          </technical>
        </notations>
      </note>
      <note default-x="36">
        <pitch>
          <step>A</step>
          <octave>3</octave>
        </pitch>
        <duration>1</duration>
        <voice>1</voice>
        <type>16th</type>
        <stem default-y="-40">down</stem>
        <beam number="1">end</beam>
        <beam number="2">backward hook</beam>
        <notations>
          <technical>
            <fingering default-x="2" default-y="20" placement="above">2</fingering>
            <fingering default-x="3" default-y="20" placement="above">1</fingering>
          </technical>
        </notations>
      </note>
      <note default-x="36">
        <chord/>
        <pitch>
          <step>C</step>
          <octave>4</octave>
        </pitch>
        <duration>1</duration>
        <voice>1</voice>
        <type>16th</type>
        <stem>down</stem>
      </note>
      <note default-x="57">
        <rest/>
        <duration>1</duration>
        <voice>1</voice>
        <type>16th</type>
      </note>
      <note default-x="80">
        <pitch>
          <step>A</step>
          <octave>3</octave>
        </pitch>
        <duration>1</duration>
        <voice>1</voice>
        <type>16th</type>
        <stem default-y="-35.5">down</stem>
        <notations>
          <technical>
            <fingering default-x="2" default-y="20" placement="above">2</fingering>
            <fingering default-x="3" default-y="20" placement="above">1</fingering>
          </technical>
        </notations>
      </note>
      <note default-x="80">
        <chord/>
        <pitch>
          <step>C</step>
          <octave>4</octave>
        </pitch>
        <duration>1</duration>
        <voice>1</voice>
        <type>16th</type>
        <stem>down</stem>
      </note>
      <note default-x="102">
        <rest/>
        <duration>1</duration>
        <voice>1</voice>
        <type>16th</type>
      </note>
      <note default-x="123">
        <pitch>
          <step>A</step>
          <octave>3</octave>
        </pitch>
        <duration>1</duration>
        <voice>1</voice>
        <type>16th</type>
        <stem default-y="-35.5">down</stem>
        <notations>
          <technical>
            <fingering default-x="2" default-y="20" placement="above">2</fingering>
            <fingering default-x="3" default-y="20" placement="above">1</fingering>
          </technical>
        </notations>
      </note>
      <note default-x="123">
        <chord/>
        <pitch>
          <step>C</step>
          <octave>4</octave>
        </pitch>
        <duration>1</duration>
        <voice>1</voice>
        <type>16th</type>
        <stem>down</stem>
      </note>
      <note default-x="144">
        <rest/>
        <duration>1</duration>
        <voice>1</voice>
        <type>16th</type>
      </note>
    </measure>
    <!--=======================================================-->
    <measure number="15" width="154">
      <note default-x="13">
        <pitch>
          <step>B</step>
          <alter>-1</alter>
          <octave>2</octave>
        </pitch>
        <duration>2</duration>
        <voice>1</voice>
        <type>eighth</type>
        <stem default-y="20">up</stem>
        <beam number="1">begin</beam>
        <notations>
          <technical>
            <fingering default-x="2" default-y="25" placement="above">5</fingering>
          </technical>
        </notations>
      </note>
      <note default-x="36">
        <pitch>
          <step>D</step>
          <octave>3</octave>
        </pitch>
        <duration>1</duration>
        <voice>1</voice>
        <type>16th</type>
        <stem default-y="25">up</stem>
        <beam number="1">end</beam>
        <beam number="2">backward hook</beam>
        <notations>
          <technical>
            <fingering default-x="2" default-y="30" placement="above">2</fingering>
            <fingering default-x="3" default-y="30" placement="above">1</fingering>
          </technical>
        </notations>
      </note>
      <note default-x="36">
        <chord/>
        <pitch>
          <step>F</step>
          <octave>3</octave>
        </pitch>
        <duration>1</duration>
        <voice>1</voice>
        <type>16th</type>
        <stem>up</stem>
      </note>
      <note default-x="56">
        <rest/>
        <duration>1</duration>
        <voice>1</voice>
        <type>16th</type>
      </note>
      <note default-x="80">
        <pitch>
          <step>D</step>
          <octave>3</octave>
        </pitch>
        <duration>1</duration>
        <voice>1</voice>
        <type>16th</type>
        <stem default-y="-55">down</stem>
        <notations>
          <technical>
            <fingering default-x="2" default-y="3" placement="above">2</fingering>
            <fingering default-x="3" default-y="3" placement="above">1</fingering>
          </technical>
        </notations>
      </note>
      <note default-x="80">
        <chord/>
        <pitch>
          <step>F</step>
          <octave>3</octave>
        </pitch>
        <duration>1</duration>
        <voice>1</voice>
        <type>16th</type>
        <stem>down</stem>
      </note>
      <note default-x="98">
        <rest/>
        <duration>1</duration>
        <voice>1</voice>
        <type>16th</type>
      </note>
      <note default-x="117">
        <pitch>
          <step>D</step>
          <octave>3</octave>
        </pitch>
        <duration>1</duration>
        <voice>1</voice>
        <type>16th</type>
        <stem default-y="-55">down</stem>
        <notations>
          <technical>
            <fingering default-x="1" default-y="3" placement="above">2</fingering>
            <fingering default-x="2" default-y="3" placement="above">1</fingering>
          </technical>
        </notations>
      </note>
      <note default-x="117">
        <chord/>
        <pitch>
          <step>F</step>
          <octave>3</octave>
        </pitch>
        <duration>1</duration>
        <voice>1</voice>
        <type>16th</type>
        <stem>down</stem>
      </note>
      <note default-x="136">
        <rest/>
        <duration>1</duration>
        <voice>1</voice>
        <type>16th</type>
      </note>
    </measure>
    <!--=======================================================-->
    <measure number="16" width="200">
      <note default-x="16">
        <pitch>
          <step>C</step>
          <octave>3</octave>
        </pitch>
        <duration>2</duration>
        <voice>1</voice>
        <type>eighth</type>
        <stem default-y="-60">down</stem>
        <beam number="1">begin</beam>
        <notations>
          <technical>
            <fingering default-x="2" default-y="-17" placement="above">5</fingering>
          </technical>
        </notations>
      </note>
      <note default-x="64">
        <pitch>
          <step>F</step>
          <octave>3</octave>
        </pitch>
        <duration>1</duration>
        <voice>1</voice>
        <type>16th</type>
        <stem default-y="-55">down</stem>
        <beam number="1">end</beam>
        <beam number="2">backward hook</beam>
        <notations>
          <technical>
            <fingering default-x="2" default-y="10" placement="above">2</fingering>
            <fingering default-x="3" default-y="10" placement="above">1</fingering>
          </technical>
        </notations>
      </note>
      <note default-x="64">
        <chord/>
        <pitch>
          <step>A</step>
          <octave>3</octave>
        </pitch>
        <duration>1</duration>
        <voice>1</voice>
        <type>16th</type>
        <stem>down</stem>
      </note>
      <note default-x="88">
        <rest/>
        <duration>1</duration>
        <voice>1</voice>
        <type>16th</type>
      </note>
      <note default-x="111">
        <pitch>
          <step>C</step>
          <octave>3</octave>
        </pitch>
        <duration>2</duration>
        <voice>1</voice>
        <type>eighth</type>
        <stem default-y="-60">down</stem>
        <beam number="1">begin</beam>
        <notations>
          <technical>
            <fingering default-x="2" default-y="-17" placement="above">5</fingering>
          </technical>
        </notations>
      </note>
      <note default-x="159">
        <pitch>
          <step>E</step>
          <octave>3</octave>
        </pitch>
        <duration>1</duration>
        <voice>1</voice>
        <type>16th</type>
        <stem default-y="-55">down</stem>
        <beam number="1">end</beam>
        <beam number="2">backward hook</beam>
        <notations>
          <technical>
            <fingering default-x="2" default-y="15" placement="above">3</fingering>
            <fingering default-x="3" default-y="15" placement="above">1</fingering>
          </technical>
        </notations>
      </note>
      <note default-x="159">
        <chord/>
        <pitch>
          <step>B</step>
          <alter>-1</alter>
          <octave>3</octave>
        </pitch>
        <duration>1</duration>
        <voice>1</voice>
        <type>16th</type>
        <stem>down</stem>
      </note>
      <note default-x="180">
        <rest/>
        <duration>1</duration>
        <voice>1</voice>
        <type>16th</type>
      </note>
    </measure>
    <!--=======================================================-->
    <measure number="17" width="1060">
      <print new-system="yes"/>
      <note default-x="78">
        <pitch>
          <step>F</step>
          <octave>3</octave>
        </pitch>
        <duration>1</duration>
        <voice>1</voice>
        <type>16th</type>
        <stem default-y="-45">down</stem>
        <notations>
          <technical>
            <fingering default-x="2" default-y="10" placement="above">2</fingering>
            <fingering default-x="3" default-y="10" placement="above">1</fingering>
          </technical>
        </notations>
      </note>
      <note default-x="78">
        <chord/>
        <pitch>
          <step>A</step>
          <octave>3</octave>
        </pitch>
        <duration>1</duration>
        <voice>1</voice>
        <type>16th</type>
        <stem>down</stem>
      </note>
      <note default-x="213">
        <rest/>
        <duration>1</duration>
        <voice>1</voice>
        <type>16th</type>
      </note>
      <note default-x="347">
        <pitch>
          <step>F</step>
          <octave>3</octave>
        </pitch>
        <duration>1</duration>
        <voice>1</voice>
        <type>16th</type>
        <stem default-y="-45">down</stem>
        <notations>
          <technical>
            <fingering default-x="2" default-y="10" placement="above">2</fingering>
            <fingering default-x="3" default-y="10" placement="above">1</fingering>
          </technical>
        </notations>
      </note>
      <note default-x="347">
        <chord/>
        <pitch>
          <step>A</step>
          <octave>3</octave>
        </pitch>
        <duration>1</duration>
        <voice>1</voice>
        <type>16th</type>
        <stem>down</stem>
      </note>
      <note default-x="481">
        <rest/>
        <duration>1</duration>
        <voice>1</voice>
        <type>16th</type>
      </note>
      <note default-x="615">
        <pitch>
          <step>F</step>
          <octave>3</octave>
        </pitch>
        <duration>2</duration>
        <voice>1</voice>
        <type>eighth</type>
        <stem default-y="-45">down</stem>
        <notations>
          <technical>
            <fingering default-x="1" default-y="10" placement="above">2</fingering>
            <fingering default-x="2" default-y="10" placement="above">1</fingering>
          </technical>
        </notations>
      </note>
      <note default-x="615">
        <chord/>
        <pitch>
          <step>A</step>
          <octave>3</octave>
        </pitch>
        <duration>2</duration>
        <voice>1</voice>
        <type>eighth</type>
        <stem>down</stem>
      </note>
      <note default-x="832">
        <rest/>
        <duration>2</duration>
        <voice>1</voice>
        <type>eighth</type>
      </note>
      <barline location="right">
        <bar-style>light-heavy</bar-style>
      </barline>
    </measure>
  </part>
  <!--=========================================================-->
</score-partwise>
