<?xml version="1.0" encoding="UTF-8" standalone="no"?>
<!DOCTYPE score-partwise PUBLIC "-//Recordare//DTD MusicXML 3.0 Partwise//EN" "http://www.musicxml.org/dtds/partwise.dtd">
<score-partwise version="3.0">
  <movement-title>1.xml</movement-title>
  <identification>
    <creator type="composer">Music21</creator>
    <encoding>
      <software>Finale 2014.5 for Windows</software>
      <software>Dolet Light for Finale 2014.5</software>
      <encoding-date>2016-10-30</encoding-date>
      <supports attribute="new-system" element="print" type="yes" value="yes"/>
      <supports attribute="new-page" element="print" type="yes" value="yes"/>
      <supports element="accidental" type="yes"/>
      <supports element="beam" type="yes"/>
      <supports element="stem" type="yes"/>
    </encoding>
  </identification>
  <defaults>
    <scaling>
      <millimeters>7.1967</millimeters>
      <tenths>40</tenths>
    </scaling>
    <page-layout>
      <page-height>1553</page-height>
      <page-width>1200</page-width>
      <page-margins type="both">
        <left-margin>70</left-margin>
        <right-margin>70</right-margin>
        <top-margin>88</top-margin>
        <bottom-margin>88</bottom-margin>
      </page-margins>
    </page-layout>
    <system-layout>
      <system-margins>
        <left-margin>0</left-margin>
        <right-margin>0</right-margin>
      </system-margins>
      <system-distance>121</system-distance>
      <top-system-distance>70</top-system-distance>
    </system-layout>
    <staff-layout>
      <staff-distance>60</staff-distance>
    </staff-layout>
    <appearance>
      <line-width type="stem">0.7487</line-width>
      <line-width type="beam">5</line-width>
      <line-width type="staff">0.7487</line-width>
      <line-width type="light barline">0.7487</line-width>
      <line-width type="heavy barline">5</line-width>
      <line-width type="leger">0.7487</line-width>
      <line-width type="ending">0.7487</line-width>
      <line-width type="wedge">0.7487</line-width>
      <line-width type="enclosure">0.7487</line-width>
      <line-width type="tuplet bracket">0.7487</line-width>
      <note-size type="grace">60</note-size>
      <note-size type="cue">60</note-size>
      <distance type="hyphen">120</distance>
      <distance type="beam">8</distance>
    </appearance>
    <music-font font-family="Maestro,engraved" font-size="20.4"/>
    <word-font font-family="Times New Roman" font-size="10.2"/>
  </defaults>
  <credit page="1">
    <credit-words default-x="71" default-y="1460" font-size="12" valign="top">Score</credit-words>
  </credit>
  <part-list>
    <score-part id="P1">
      <part-name>Track 1</part-name>
      <score-instrument id="P1-I1">
        <instrument-name>Acoustic Grand Piano</instrument-name>
      </score-instrument>
      <midi-instrument id="P1-I1">
        <midi-channel>1</midi-channel>
        <midi-program>1</midi-program>
      </midi-instrument>
    </score-part>
    <score-part id="P2">
      <part-name>Track 2</part-name>
      <score-instrument id="P2-I2">
        <instrument-name>Acoustic Grand Piano</instrument-name>
      </score-instrument>
      <midi-instrument id="P2-I2">
        <midi-channel>2</midi-channel>
        <midi-program>1</midi-program>
      </midi-instrument>
    </score-part>
  </part-list>
  <!--=========================================================-->
  <part id="P1">
    <measure number="1" width="218">
      <print>
        <system-layout>
          <system-margins>
            <left-margin>70</left-margin>
            <right-margin>0</right-margin>
          </system-margins>
          <top-system-distance>211</top-system-distance>
        </system-layout>
        <measure-numbering>system</measure-numbering>
      </print>
      <attributes>
        <divisions>2</divisions>
        <key>
          <fifths>2</fifths>
          <mode>major</mode>
        </key>
        <time>
          <beats>3</beats>
          <beat-type>4</beat-type>
        </time>
        <clef>
          <sign>G</sign>
          <line>2</line>
        </clef>
      </attributes>
      <sound tempo="120"/>
      <note>
        <rest measure="yes"/>
        <duration>6</duration>
        <voice>1</voice>
      </note>
    </measure>
    <!--=======================================================-->
    <measure number="2" width="153">
      <note default-x="16">
        <pitch>
          <step>F</step>
          <alter>1</alter>
          <octave>5</octave>
        </pitch>
        <duration>6</duration>
        <voice>1</voice>
        <type>half</type>
        <dot/>
        <stem default-y="-35.5">down</stem>
        <notations>
          <technical>
            <fingering default-x="2" default-y="20" placement="above">3</fingering>
            <fingering default-x="2" default-y="20" placement="above">5</fingering>
          </technical>
        </notations>
      </note>
      <note default-x="16">
        <chord/>
        <pitch>
          <step>A</step>
          <octave>5</octave>
        </pitch>
        <duration>6</duration>
        <voice>1</voice>
        <type>half</type>
        <dot/>
        <stem>down</stem>
      </note>
    </measure>
    <!--=======================================================-->
    <measure number="3" width="153">
      <note default-x="16">
        <pitch>
          <step>E</step>
          <octave>5</octave>
        </pitch>
        <duration>6</duration>
        <voice>1</voice>
        <type>half</type>
        <dot/>
        <stem default-y="-40.5">down</stem>
        <notations>
          <technical>
            <fingering default-x="2" default-y="15" placement="above">2</fingering>
            <fingering default-x="1" default-y="15" placement="above">4</fingering>
          </technical>
        </notations>
      </note>
      <note default-x="16">
        <chord/>
        <pitch>
          <step>G</step>
          <octave>5</octave>
        </pitch>
        <duration>6</duration>
        <voice>1</voice>
        <type>half</type>
        <dot/>
        <stem>down</stem>
      </note>
    </measure>
    <!--=======================================================-->
    <measure number="4" width="157">
      <note default-x="16">
        <pitch>
          <step>D</step>
          <octave>5</octave>
        </pitch>
        <duration>1</duration>
        <voice>1</voice>
        <type>eighth</type>
        <stem default-y="-45">down</stem>
        <notations>
          <technical>
            <fingering default-x="3" default-y="10" placement="above">1</fingering>
            <fingering default-x="2" default-y="10" placement="above">3</fingering>
          </technical>
        </notations>
      </note>
      <note default-x="16">
        <chord/>
        <pitch>
          <step>F</step>
          <alter>1</alter>
          <octave>5</octave>
        </pitch>
        <duration>1</duration>
        <voice>1</voice>
        <type>eighth</type>
        <stem>down</stem>
      </note>
      <note default-x="40">
        <rest/>
        <duration>1</duration>
        <voice>1</voice>
        <type>eighth</type>
      </note>
      <note default-x="64">
        <pitch>
          <step>D</step>
          <octave>5</octave>
        </pitch>
        <duration>1</duration>
        <voice>1</voice>
        <type>eighth</type>
        <stem default-y="-45">down</stem>
        <notations>
          <technical>
            <fingering default-x="3" default-y="10" placement="above">1</fingering>
            <fingering default-x="2" default-y="10" placement="above">3</fingering>
          </technical>
        </notations>
      </note>
      <note default-x="64">
        <chord/>
        <pitch>
          <step>F</step>
          <alter>1</alter>
          <octave>5</octave>
        </pitch>
        <duration>1</duration>
        <voice>1</voice>
        <type>eighth</type>
        <stem>down</stem>
      </note>
      <note default-x="87">
        <rest/>
        <duration>1</duration>
        <voice>1</voice>
        <type>eighth</type>
      </note>
      <note default-x="110">
        <pitch>
          <step>D</step>
          <octave>5</octave>
        </pitch>
        <duration>1</duration>
        <voice>1</voice>
        <type>eighth</type>
        <stem default-y="-45">down</stem>
        <notations>
          <technical>
            <fingering default-x="3" default-y="10" placement="above">1</fingering>
            <fingering default-x="2" default-y="10" placement="above">3</fingering>
          </technical>
        </notations>
      </note>
      <note default-x="110">
        <chord/>
        <pitch>
          <step>F</step>
          <alter>1</alter>
          <octave>5</octave>
        </pitch>
        <duration>1</duration>
        <voice>1</voice>
        <type>eighth</type>
        <stem>down</stem>
      </note>
      <note default-x="133">
        <rest/>
        <duration>1</duration>
        <voice>1</voice>
        <type>eighth</type>
      </note>
    </measure>
    <!--=======================================================-->
    <measure number="5" width="157">
      <note default-x="14">
        <pitch>
          <step>C</step>
          <alter>1</alter>
          <octave>5</octave>
        </pitch>
        <duration>2</duration>
        <voice>1</voice>
        <type>quarter</type>
        <stem default-y="-50">down</stem>
        <notations>
          <technical>
            <fingering default-x="2" default-y="5" placement="above">2</fingering>
            <fingering default-x="1" default-y="5" placement="above">4</fingering>
          </technical>
        </notations>
      </note>
      <note default-x="14">
        <chord/>
        <pitch>
          <step>E</step>
          <octave>5</octave>
        </pitch>
        <duration>2</duration>
        <voice>1</voice>
        <type>quarter</type>
        <stem>down</stem>
      </note>
      <note default-x="60">
        <rest/>
        <duration>2</duration>
        <voice>1</voice>
        <type>quarter</type>
      </note>
      <note default-x="106">
        <rest/>
        <duration>2</duration>
        <voice>1</voice>
        <type>quarter</type>
      </note>
    </measure>
    <!--=======================================================-->
    <measure number="6" width="152">
      <note default-x="14">
        <pitch>
          <step>E</step>
          <octave>5</octave>
        </pitch>
        <duration>6</duration>
        <voice>1</voice>
        <type>half</type>
        <dot/>
        <stem default-y="-40.5">down</stem>
        <notations>
          <technical>
            <fingering default-x="2" default-y="15" placement="above">3</fingering>
            <fingering default-x="2" default-y="15" placement="above">5</fingering>
          </technical>
        </notations>
      </note>
      <note default-x="14">
        <chord/>
        <pitch>
          <step>G</step>
          <octave>5</octave>
        </pitch>
        <duration>6</duration>
        <voice>1</voice>
        <type>half</type>
        <dot/>
        <stem>down</stem>
      </note>
    </measure>
    <!--=======================================================-->
    <measure number="7" width="235">
      <print new-system="yes">
        <system-layout>
          <system-distance>114</system-distance>
        </system-layout>
      </print>
      <note default-x="92">
        <pitch>
          <step>D</step>
          <octave>5</octave>
        </pitch>
        <duration>4</duration>
        <tie type="start"/>
        <voice>1</voice>
        <type>half</type>
        <stem default-y="-45">down</stem>
        <notations>
          <tied type="start"/>
          <technical>
            <fingering default-x="3" default-y="10" placement="above">1</fingering>
            <fingering default-x="2" default-y="10" placement="above">2</fingering>
          </technical>
        </notations>
      </note>
      <note default-x="92">
        <chord/>
        <pitch>
          <step>F</step>
          <alter>1</alter>
          <octave>5</octave>
        </pitch>
        <duration>4</duration>
        <tie type="start"/>
        <voice>1</voice>
        <type>half</type>
        <stem>down</stem>
        <notations>
          <tied type="start"/>
        </notations>
      </note>
      <note default-x="187">
        <pitch>
          <step>D</step>
          <octave>5</octave>
        </pitch>
        <duration>1</duration>
        <tie type="stop"/>
        <voice>1</voice>
        <type>eighth</type>
        <stem default-y="-45">down</stem>
        <notations>
          <tied type="stop"/>
          <technical>
            <fingering default-x="3" default-y="10" placement="above">1</fingering>
            <fingering default-x="2" default-y="10" placement="above">2</fingering>
          </technical>
        </notations>
      </note>
      <note default-x="187">
        <chord/>
        <pitch>
          <step>F</step>
          <alter>1</alter>
          <octave>5</octave>
        </pitch>
        <duration>1</duration>
        <tie type="stop"/>
        <voice>1</voice>
        <type>eighth</type>
        <stem>down</stem>
        <notations>
          <tied type="stop"/>
        </notations>
      </note>
      <note default-x="211">
        <rest/>
        <duration>1</duration>
        <voice>1</voice>
        <type>eighth</type>
      </note>
    </measure>
    <!--=======================================================-->
    <measure number="8" width="183">
      <note default-x="13">
        <pitch>
          <step>G</step>
          <octave>4</octave>
        </pitch>
        <duration>1</duration>
        <voice>1</voice>
        <type>eighth</type>
        <stem default-y="-65">down</stem>
        <notations>
          <technical>
            <fingering default-x="15" default-y="5" placement="above">1</fingering>
            <fingering default-x="14" default-y="5" placement="above">2</fingering>
            <fingering default-x="14" default-y="5" placement="above">5</fingering>
          </technical>
        </notations>
      </note>
      <note default-x="26">
        <chord/>
        <pitch>
          <step>A</step>
          <octave>4</octave>
        </pitch>
        <duration>1</duration>
        <voice>1</voice>
        <type>eighth</type>
        <stem>down</stem>
      </note>
      <note default-x="26">
        <chord/>
        <pitch>
          <step>E</step>
          <octave>5</octave>
        </pitch>
        <duration>1</duration>
        <voice>1</voice>
        <type>eighth</type>
        <stem>down</stem>
      </note>
      <note default-x="51">
        <rest/>
        <duration>1</duration>
        <voice>1</voice>
        <type>eighth</type>
      </note>
      <note default-x="67">
        <pitch>
          <step>G</step>
          <octave>4</octave>
        </pitch>
        <duration>1</duration>
        <voice>1</voice>
        <type>eighth</type>
        <stem default-y="-65">down</stem>
        <notations>
          <technical>
            <fingering default-x="15" default-y="5" placement="above">1</fingering>
            <fingering default-x="14" default-y="5" placement="above">2</fingering>
            <fingering default-x="14" default-y="5" placement="above">5</fingering>
          </technical>
        </notations>
      </note>
      <note default-x="79">
        <chord/>
        <pitch>
          <step>A</step>
          <octave>4</octave>
        </pitch>
        <duration>1</duration>
        <voice>1</voice>
        <type>eighth</type>
        <stem>down</stem>
      </note>
      <note default-x="79">
        <chord/>
        <pitch>
          <step>E</step>
          <octave>5</octave>
        </pitch>
        <duration>1</duration>
        <voice>1</voice>
        <type>eighth</type>
        <stem>down</stem>
      </note>
      <note default-x="104">
        <rest/>
        <duration>1</duration>
        <voice>1</voice>
        <type>eighth</type>
      </note>
      <note default-x="120">
        <pitch>
          <step>G</step>
          <octave>4</octave>
        </pitch>
        <duration>1</duration>
        <voice>1</voice>
        <type>eighth</type>
        <stem default-y="-65">down</stem>
        <notations>
          <technical>
            <fingering default-x="15" default-y="5" placement="above">1</fingering>
            <fingering default-x="14" default-y="5" placement="above">2</fingering>
            <fingering default-x="14" default-y="5" placement="above">5</fingering>
          </technical>
        </notations>
      </note>
      <note default-x="132">
        <chord/>
        <pitch>
          <step>A</step>
          <octave>4</octave>
        </pitch>
        <duration>1</duration>
        <voice>1</voice>
        <type>eighth</type>
        <stem>down</stem>
      </note>
      <note default-x="132">
        <chord/>
        <pitch>
          <step>E</step>
          <octave>5</octave>
        </pitch>
        <duration>1</duration>
        <voice>1</voice>
        <type>eighth</type>
        <stem>down</stem>
      </note>
      <note default-x="157">
        <rest/>
        <duration>1</duration>
        <voice>1</voice>
        <type>eighth</type>
      </note>
    </measure>
    <!--=======================================================-->
    <measure number="9" width="160">
      <note default-x="16">
        <pitch>
          <step>F</step>
          <alter>1</alter>
          <octave>4</octave>
        </pitch>
        <duration>3</duration>
        <voice>1</voice>
        <type>quarter</type>
        <dot/>
        <stem default-y="19">up</stem>
        <notations>
          <technical>
            <fingering default-x="3" default-y="24" placement="above">1</fingering>
            <fingering default-x="2" default-y="24" placement="above">2</fingering>
            <fingering default-x="2" default-y="24" placement="above">5</fingering>
          </technical>
        </notations>
      </note>
      <note default-x="16">
        <chord/>
        <pitch>
          <step>A</step>
          <octave>4</octave>
        </pitch>
        <duration>3</duration>
        <voice>1</voice>
        <type>quarter</type>
        <dot/>
        <stem>up</stem>
      </note>
      <note default-x="16">
        <chord/>
        <pitch>
          <step>D</step>
          <octave>5</octave>
        </pitch>
        <duration>3</duration>
        <voice>1</voice>
        <type>quarter</type>
        <dot/>
        <stem>up</stem>
      </note>
      <note default-x="88">
        <rest/>
        <duration>1</duration>
        <voice>1</voice>
        <type>eighth</type>
      </note>
      <note default-x="112">
        <rest/>
        <duration>2</duration>
        <voice>1</voice>
        <type>quarter</type>
      </note>
    </measure>
    <!--=======================================================-->
    <measure number="10" width="160">
      <note default-x="16">
        <pitch>
          <step>C</step>
          <alter>1</alter>
          <octave>5</octave>
        </pitch>
        <duration>1</duration>
        <voice>1</voice>
        <type>eighth</type>
        <stem default-y="-55">down</stem>
        <beam number="1">begin</beam>
        <notations>
          <technical>
            <fingering default-x="2" default-y="5" placement="above">3</fingering>
            <fingering default-x="3" default-y="5" placement="above">5</fingering>
          </technical>
        </notations>
      </note>
      <note default-x="16">
        <chord/>
        <pitch>
          <step>E</step>
          <octave>5</octave>
        </pitch>
        <duration>1</duration>
        <voice>1</voice>
        <type>eighth</type>
        <stem>down</stem>
      </note>
      <note default-x="40">
        <pitch>
          <step>A</step>
          <octave>4</octave>
        </pitch>
        <duration>1</duration>
        <voice>1</voice>
        <type>eighth</type>
        <stem default-y="-60">down</stem>
        <beam number="1">end</beam>
        <notations>
          <technical>
            <fingering default-x="3" default-y="-17" placement="above">1</fingering>
          </technical>
        </notations>
      </note>
      <note default-x="64">
        <pitch>
          <step>C</step>
          <alter>1</alter>
          <octave>5</octave>
        </pitch>
        <duration>1</duration>
        <voice>1</voice>
        <type>eighth</type>
        <stem default-y="-55">down</stem>
        <beam number="1">begin</beam>
        <notations>
          <technical>
            <fingering default-x="2" default-y="5" placement="above">3</fingering>
            <fingering default-x="2" default-y="5" placement="above">5</fingering>
          </technical>
        </notations>
      </note>
      <note default-x="64">
        <chord/>
        <pitch>
          <step>E</step>
          <octave>5</octave>
        </pitch>
        <duration>1</duration>
        <voice>1</voice>
        <type>eighth</type>
        <stem>down</stem>
      </note>
      <note default-x="88">
        <pitch>
          <step>A</step>
          <octave>4</octave>
        </pitch>
        <duration>1</duration>
        <voice>1</voice>
        <type>eighth</type>
        <stem default-y="-60">down</stem>
        <beam number="1">end</beam>
        <notations>
          <technical>
            <fingering default-x="3" default-y="-17" placement="above">1</fingering>
          </technical>
        </notations>
      </note>
      <note default-x="112">
        <pitch>
          <step>C</step>
          <alter>1</alter>
          <octave>5</octave>
        </pitch>
        <duration>1</duration>
        <voice>1</voice>
        <type>eighth</type>
        <stem default-y="-55">down</stem>
        <beam number="1">begin</beam>
        <notations>
          <technical>
            <fingering default-x="2" default-y="5" placement="above">3</fingering>
            <fingering default-x="2" default-y="5" placement="above">5</fingering>
          </technical>
        </notations>
      </note>
      <note default-x="112">
        <chord/>
        <pitch>
          <step>E</step>
          <octave>5</octave>
        </pitch>
        <duration>1</duration>
        <voice>1</voice>
        <type>eighth</type>
        <stem>down</stem>
      </note>
      <note default-x="136">
        <pitch>
          <step>A</step>
          <octave>4</octave>
        </pitch>
        <duration>1</duration>
        <voice>1</voice>
        <type>eighth</type>
        <stem default-y="-60">down</stem>
        <beam number="1">end</beam>
        <notations>
          <technical>
            <fingering default-x="3" default-y="-17" placement="above">1</fingering>
          </technical>
        </notations>
      </note>
    </measure>
    <!--=======================================================-->
    <measure number="11" width="160">
      <note default-x="16">
        <pitch>
          <step>D</step>
          <octave>5</octave>
        </pitch>
        <duration>1</duration>
        <voice>1</voice>
        <type>eighth</type>
        <stem default-y="-55">down</stem>
        <beam number="1">begin</beam>
        <notations>
          <technical>
            <fingering default-x="2" default-y="10" placement="above">3</fingering>
            <fingering default-x="2" default-y="10" placement="above">5</fingering>
          </technical>
        </notations>
      </note>
      <note default-x="16">
        <chord/>
        <pitch>
          <step>F</step>
          <alter>1</alter>
          <octave>5</octave>
        </pitch>
        <duration>1</duration>
        <voice>1</voice>
        <type>eighth</type>
        <stem>down</stem>
      </note>
      <note default-x="40">
        <pitch>
          <step>A</step>
          <octave>4</octave>
        </pitch>
        <duration>1</duration>
        <voice>1</voice>
        <type>eighth</type>
        <stem default-y="-60">down</stem>
        <beam number="1">end</beam>
        <notations>
          <technical>
            <fingering default-x="3" default-y="-17" placement="above">1</fingering>
          </technical>
        </notations>
      </note>
      <note default-x="64">
        <pitch>
          <step>F</step>
          <alter>1</alter>
          <octave>5</octave>
        </pitch>
        <duration>1</duration>
        <voice>1</voice>
        <type>eighth</type>
        <stem default-y="-55">down</stem>
        <beam number="1">begin</beam>
        <notations>
          <technical>
            <fingering default-x="2" default-y="20" placement="above">3</fingering>
            <fingering default-x="3" default-y="20" placement="above">5</fingering>
          </technical>
        </notations>
      </note>
      <note default-x="64">
        <chord/>
        <pitch>
          <step>A</step>
          <octave>5</octave>
        </pitch>
        <duration>1</duration>
        <voice>1</voice>
        <type>eighth</type>
        <stem>down</stem>
      </note>
      <note default-x="88">
        <pitch>
          <step>A</step>
          <octave>4</octave>
        </pitch>
        <duration>1</duration>
        <voice>1</voice>
        <type>eighth</type>
        <stem default-y="-60">down</stem>
        <beam number="1">end</beam>
        <notations>
          <technical>
            <fingering default-x="3" default-y="-17" placement="above">1</fingering>
          </technical>
        </notations>
      </note>
      <note default-x="112">
        <pitch>
          <step>D</step>
          <octave>5</octave>
        </pitch>
        <duration>1</duration>
        <voice>1</voice>
        <type>eighth</type>
        <stem default-y="-55">down</stem>
        <beam number="1">begin</beam>
        <notations>
          <technical>
            <fingering default-x="2" default-y="10" placement="above">3</fingering>
            <fingering default-x="2" default-y="10" placement="above">5</fingering>
          </technical>
        </notations>
      </note>
      <note default-x="112">
        <chord/>
        <pitch>
          <step>F</step>
          <alter>1</alter>
          <octave>5</octave>
        </pitch>
        <duration>1</duration>
        <voice>1</voice>
        <type>eighth</type>
        <stem>down</stem>
      </note>
      <note default-x="136">
        <pitch>
          <step>A</step>
          <octave>4</octave>
        </pitch>
        <duration>1</duration>
        <voice>1</voice>
        <type>eighth</type>
        <stem default-y="-60">down</stem>
        <beam number="1">end</beam>
        <notations>
          <technical>
            <fingering default-x="3" default-y="-17" placement="above">1</fingering>
          </technical>
        </notations>
      </note>
    </measure>
    <!--=======================================================-->
    <measure number="12" width="160">
      <note default-x="16">
        <pitch>
          <step>C</step>
          <alter>1</alter>
          <octave>5</octave>
        </pitch>
        <duration>1</duration>
        <voice>1</voice>
        <type>eighth</type>
        <stem default-y="-55">down</stem>
        <beam number="1">begin</beam>
        <notations>
          <technical>
            <fingering default-x="2" default-y="5" placement="above">3</fingering>
            <fingering default-x="2" default-y="5" placement="above">5</fingering>
          </technical>
        </notations>
      </note>
      <note default-x="16">
        <chord/>
        <pitch>
          <step>E</step>
          <octave>5</octave>
        </pitch>
        <duration>1</duration>
        <voice>1</voice>
        <type>eighth</type>
        <stem>down</stem>
      </note>
      <note default-x="40">
        <pitch>
          <step>A</step>
          <octave>4</octave>
        </pitch>
        <duration>1</duration>
        <voice>1</voice>
        <type>eighth</type>
        <stem default-y="-60">down</stem>
        <beam number="1">end</beam>
        <notations>
          <technical>
            <fingering default-x="3" default-y="-17" placement="above">1</fingering>
          </technical>
        </notations>
      </note>
      <note default-x="64">
        <pitch>
          <step>C</step>
          <alter>1</alter>
          <octave>5</octave>
        </pitch>
        <duration>1</duration>
        <voice>1</voice>
        <type>eighth</type>
        <stem default-y="-55">down</stem>
        <beam number="1">begin</beam>
        <notations>
          <technical>
            <fingering default-x="2" default-y="5" placement="above">3</fingering>
            <fingering default-x="2" default-y="5" placement="above">5</fingering>
          </technical>
        </notations>
      </note>
      <note default-x="64">
        <chord/>
        <pitch>
          <step>E</step>
          <octave>5</octave>
        </pitch>
        <duration>1</duration>
        <voice>1</voice>
        <type>eighth</type>
        <stem>down</stem>
      </note>
      <note default-x="88">
        <pitch>
          <step>A</step>
          <octave>4</octave>
        </pitch>
        <duration>1</duration>
        <voice>1</voice>
        <type>eighth</type>
        <stem default-y="-60">down</stem>
        <beam number="1">end</beam>
        <notations>
          <technical>
            <fingering default-x="3" default-y="-17" placement="above">1</fingering>
          </technical>
        </notations>
      </note>
      <note default-x="112">
        <pitch>
          <step>C</step>
          <alter>1</alter>
          <octave>5</octave>
        </pitch>
        <duration>1</duration>
        <voice>1</voice>
        <type>eighth</type>
        <stem default-y="-55">down</stem>
        <beam number="1">begin</beam>
        <notations>
          <technical>
            <fingering default-x="2" default-y="5" placement="above">3</fingering>
            <fingering default-x="2" default-y="5" placement="above">5</fingering>
          </technical>
        </notations>
      </note>
      <note default-x="112">
        <chord/>
        <pitch>
          <step>E</step>
          <octave>5</octave>
        </pitch>
        <duration>1</duration>
        <voice>1</voice>
        <type>eighth</type>
        <stem>down</stem>
      </note>
      <note default-x="135">
        <pitch>
          <step>A</step>
          <octave>4</octave>
        </pitch>
        <duration>1</duration>
        <voice>1</voice>
        <type>eighth</type>
        <stem default-y="-60">down</stem>
        <beam number="1">end</beam>
        <notations>
          <technical>
            <fingering default-x="3" default-y="-17" placement="above">1</fingering>
          </technical>
        </notations>
      </note>
    </measure>
    <!--=======================================================-->
    <measure number="13" width="243">
      <print new-system="yes">
        <system-layout>
          <system-distance>114</system-distance>
        </system-layout>
      </print>
      <note default-x="94">
        <pitch>
          <step>D</step>
          <octave>5</octave>
        </pitch>
        <duration>1</duration>
        <voice>1</voice>
        <type>eighth</type>
        <stem default-y="-55">down</stem>
        <beam number="1">begin</beam>
        <notations>
          <technical>
            <fingering default-x="2" default-y="10" placement="above">3</fingering>
            <fingering default-x="2" default-y="10" placement="above">5</fingering>
          </technical>
        </notations>
      </note>
      <note default-x="94">
        <chord/>
        <pitch>
          <step>F</step>
          <alter>1</alter>
          <octave>5</octave>
        </pitch>
        <duration>1</duration>
        <voice>1</voice>
        <type>eighth</type>
        <stem>down</stem>
      </note>
      <note default-x="119">
        <pitch>
          <step>A</step>
          <octave>4</octave>
        </pitch>
        <duration>1</duration>
        <voice>1</voice>
        <type>eighth</type>
        <stem default-y="-60">down</stem>
        <beam number="1">end</beam>
        <notations>
          <technical>
            <fingering default-x="3" default-y="-17" placement="above">1</fingering>
          </technical>
        </notations>
      </note>
      <note default-x="143">
        <pitch>
          <step>F</step>
          <alter>1</alter>
          <octave>5</octave>
        </pitch>
        <duration>1</duration>
        <voice>1</voice>
        <type>eighth</type>
        <stem default-y="-55">down</stem>
        <beam number="1">begin</beam>
        <notations>
          <technical>
            <fingering default-x="2" default-y="20" placement="above">3</fingering>
            <fingering default-x="2" default-y="20" placement="above">5</fingering>
          </technical>
        </notations>
      </note>
      <note default-x="143">
        <chord/>
        <pitch>
          <step>A</step>
          <octave>5</octave>
        </pitch>
        <duration>1</duration>
        <voice>1</voice>
        <type>eighth</type>
        <stem>down</stem>
      </note>
      <note default-x="168">
        <pitch>
          <step>A</step>
          <octave>4</octave>
        </pitch>
        <duration>1</duration>
        <voice>1</voice>
        <type>eighth</type>
        <stem default-y="-60">down</stem>
        <beam number="1">end</beam>
        <notations>
          <technical>
            <fingering default-x="3" default-y="-17" placement="above">1</fingering>
          </technical>
        </notations>
      </note>
      <note default-x="193">
        <pitch>
          <step>D</step>
          <octave>5</octave>
        </pitch>
        <duration>1</duration>
        <voice>1</voice>
        <type>eighth</type>
        <stem default-y="-55">down</stem>
        <beam number="1">begin</beam>
        <notations>
          <technical>
            <fingering default-x="2" default-y="10" placement="above">3</fingering>
            <fingering default-x="2" default-y="10" placement="above">5</fingering>
          </technical>
        </notations>
      </note>
      <note default-x="193">
        <chord/>
        <pitch>
          <step>F</step>
          <alter>1</alter>
          <octave>5</octave>
        </pitch>
        <duration>1</duration>
        <voice>1</voice>
        <type>eighth</type>
        <stem>down</stem>
      </note>
      <note default-x="218">
        <pitch>
          <step>A</step>
          <octave>4</octave>
        </pitch>
        <duration>1</duration>
        <voice>1</voice>
        <type>eighth</type>
        <stem default-y="-60">down</stem>
        <beam number="1">end</beam>
        <notations>
          <technical>
            <fingering default-x="2" default-y="-17" placement="above">1</fingering>
          </technical>
        </notations>
      </note>
    </measure>
    <!--=======================================================-->
    <measure number="14" width="170">
      <note default-x="17">
        <pitch>
          <step>B</step>
          <octave>4</octave>
        </pitch>
        <duration>1</duration>
        <voice>1</voice>
        <type>eighth</type>
        <stem default-y="-55">down</stem>
        <beam number="1">begin</beam>
        <notations>
          <technical>
            <fingering default-x="2" default-y="-7" placement="above">1</fingering>
          </technical>
        </notations>
      </note>
      <note default-x="42">
        <pitch>
          <step>D</step>
          <octave>5</octave>
        </pitch>
        <duration>1</duration>
        <voice>1</voice>
        <type>eighth</type>
        <stem default-y="-50">down</stem>
        <beam number="1">end</beam>
        <notations>
          <technical>
            <fingering default-x="2" default-y="3" placement="above">2</fingering>
          </technical>
        </notations>
      </note>
      <note default-x="67">
        <pitch>
          <step>G</step>
          <octave>5</octave>
        </pitch>
        <duration>1</duration>
        <voice>1</voice>
        <type>eighth</type>
        <stem default-y="-30">down</stem>
        <beam number="1">begin</beam>
        <notations>
          <technical>
            <fingering default-x="2" default-y="15" placement="above">3</fingering>
          </technical>
        </notations>
      </note>
      <note default-x="93">
        <pitch>
          <step>B</step>
          <octave>5</octave>
        </pitch>
        <duration>1</duration>
        <voice>1</voice>
        <type>eighth</type>
        <stem default-y="-25">down</stem>
        <beam number="1">end</beam>
        <notations>
          <technical>
            <fingering default-x="1" default-y="25" placement="above">4</fingering>
          </technical>
        </notations>
      </note>
      <note default-x="118">
        <pitch>
          <step>D</step>
          <octave>6</octave>
        </pitch>
        <duration>1</duration>
        <voice>1</voice>
        <type>eighth</type>
        <stem default-y="-20">down</stem>
        <beam number="1">begin</beam>
        <notations>
          <technical>
            <fingering default-x="2" default-y="35" placement="above">5</fingering>
          </technical>
        </notations>
      </note>
      <note default-x="144">
        <pitch>
          <step>B</step>
          <octave>5</octave>
        </pitch>
        <duration>1</duration>
        <voice>1</voice>
        <type>eighth</type>
        <stem default-y="-25">down</stem>
        <beam number="1">end</beam>
        <notations>
          <technical>
            <fingering default-x="2" default-y="25" placement="above">3</fingering>
          </technical>
        </notations>
      </note>
    </measure>
    <!--=======================================================-->
    <measure number="15" width="174">
      <note default-x="16">
        <pitch>
          <step>A</step>
          <octave>5</octave>
        </pitch>
        <duration>1</duration>
        <voice>1</voice>
        <type>eighth</type>
        <stem default-y="-25">down</stem>
        <beam number="1">begin</beam>
        <notations>
          <technical>
            <fingering default-x="2" default-y="20" placement="above">2</fingering>
          </technical>
        </notations>
      </note>
      <note default-x="43">
        <pitch>
          <step>D</step>
          <octave>6</octave>
        </pitch>
        <duration>1</duration>
        <voice>1</voice>
        <type>eighth</type>
        <stem default-y="-20">down</stem>
        <beam number="1">end</beam>
        <notations>
          <technical>
            <fingering default-x="2" default-y="35" placement="above">5</fingering>
          </technical>
        </notations>
      </note>
      <note default-x="69">
        <pitch>
          <step>C</step>
          <alter>1</alter>
          <octave>6</octave>
        </pitch>
        <duration>1</duration>
        <voice>1</voice>
        <type>eighth</type>
        <stem default-y="-25">down</stem>
        <beam number="1">begin</beam>
        <notations>
          <technical>
            <fingering default-x="1" default-y="30" placement="above">4</fingering>
          </technical>
        </notations>
      </note>
      <note default-x="95">
        <pitch>
          <step>D</step>
          <octave>6</octave>
        </pitch>
        <duration>1</duration>
        <voice>1</voice>
        <type>eighth</type>
        <stem default-y="-20">down</stem>
        <beam number="1">end</beam>
        <notations>
          <technical>
            <fingering default-x="2" default-y="35" placement="above">5</fingering>
          </technical>
        </notations>
      </note>
      <note default-x="121">
        <pitch>
          <step>A</step>
          <octave>5</octave>
        </pitch>
        <duration>1</duration>
        <voice>1</voice>
        <type>eighth</type>
        <stem default-y="-30">down</stem>
        <beam number="1">begin</beam>
        <notations>
          <technical>
            <fingering default-x="2" default-y="20" placement="above">2</fingering>
          </technical>
        </notations>
      </note>
      <note default-x="147">
        <pitch>
          <step>F</step>
          <alter>1</alter>
          <octave>5</octave>
        </pitch>
        <duration>1</duration>
        <voice>1</voice>
        <type>eighth</type>
        <stem default-y="-35">down</stem>
        <beam number="1">end</beam>
        <notations>
          <technical>
            <fingering default-x="3" default-y="10" placement="above">1</fingering>
          </technical>
        </notations>
      </note>
    </measure>
    <!--=======================================================-->
    <measure number="16" width="190">
      <note default-x="16">
        <pitch>
          <step>E</step>
          <octave>5</octave>
        </pitch>
        <duration>1</duration>
        <voice>1</voice>
        <type>eighth</type>
        <stem default-y="-40">down</stem>
        <beam number="1">begin</beam>
        <notations>
          <technical>
            <fingering default-x="2" default-y="5" placement="above">2</fingering>
          </technical>
        </notations>
      </note>
      <note default-x="43">
        <pitch>
          <step>A</step>
          <octave>5</octave>
        </pitch>
        <duration>1</duration>
        <voice>1</voice>
        <type>eighth</type>
        <stem default-y="-35">down</stem>
        <beam number="1">end</beam>
        <notations>
          <technical>
            <fingering default-x="2" default-y="20" placement="above">5</fingering>
          </technical>
        </notations>
      </note>
      <note default-x="77">
        <pitch>
          <step>G</step>
          <alter>1</alter>
          <octave>5</octave>
        </pitch>
        <duration>1</duration>
        <voice>1</voice>
        <type>eighth</type>
        <accidental>sharp</accidental>
        <stem default-y="-30">down</stem>
        <beam number="1">begin</beam>
        <notations>
          <technical>
            <fingering default-x="1" default-y="15" placement="above">4</fingering>
          </technical>
        </notations>
      </note>
      <note default-x="103">
        <pitch>
          <step>A</step>
          <octave>5</octave>
        </pitch>
        <duration>1</duration>
        <voice>1</voice>
        <type>eighth</type>
        <stem default-y="-25">down</stem>
        <beam number="1">end</beam>
        <notations>
          <technical>
            <fingering default-x="2" default-y="20" placement="above">5</fingering>
          </technical>
        </notations>
      </note>
      <note default-x="136">
        <pitch>
          <step>G</step>
          <octave>5</octave>
        </pitch>
        <duration>1</duration>
        <voice>1</voice>
        <type>eighth</type>
        <accidental>natural</accidental>
        <stem default-y="-35">down</stem>
        <beam number="1">begin</beam>
        <notations>
          <technical>
            <fingering default-x="1" default-y="15" placement="above">4</fingering>
          </technical>
        </notations>
      </note>
      <note default-x="163">
        <pitch>
          <step>E</step>
          <octave>5</octave>
        </pitch>
        <duration>1</duration>
        <voice>1</voice>
        <type>eighth</type>
        <stem default-y="-40">down</stem>
        <beam number="1">end</beam>
        <notations>
          <technical>
            <fingering default-x="2" default-y="5" placement="above">2</fingering>
          </technical>
        </notations>
      </note>
    </measure>
    <!--=======================================================-->
    <measure number="17" width="155">
      <note default-x="16">
        <pitch>
          <step>D</step>
          <octave>5</octave>
        </pitch>
        <duration>1</duration>
        <voice>1</voice>
        <type>eighth</type>
        <stem default-y="-45">down</stem>
        <beam number="1">begin</beam>
        <notations>
          <technical>
            <fingering default-x="3" default-y="3" placement="above">1</fingering>
          </technical>
        </notations>
      </note>
      <note default-x="41">
        <pitch>
          <step>F</step>
          <alter>1</alter>
          <octave>5</octave>
        </pitch>
        <duration>1</duration>
        <voice>1</voice>
        <type>eighth</type>
        <stem default-y="-40">down</stem>
        <beam number="1">end</beam>
        <notations>
          <technical>
            <fingering default-x="1" default-y="10" placement="above">3</fingering>
          </technical>
        </notations>
      </note>
      <note default-x="66">
        <pitch>
          <step>A</step>
          <octave>5</octave>
        </pitch>
        <duration>1</duration>
        <voice>1</voice>
        <type>eighth</type>
        <stem default-y="-30">down</stem>
        <beam number="1">begin</beam>
        <notations>
          <technical>
            <fingering default-x="2" default-y="20" placement="above">5</fingering>
          </technical>
        </notations>
      </note>
      <note default-x="90">
        <pitch>
          <step>F</step>
          <alter>1</alter>
          <octave>5</octave>
        </pitch>
        <duration>1</duration>
        <voice>1</voice>
        <type>eighth</type>
        <stem default-y="-35">down</stem>
        <beam number="1">end</beam>
        <notations>
          <technical>
            <fingering default-x="2" default-y="10" placement="above">3</fingering>
          </technical>
        </notations>
      </note>
      <note default-x="115">
        <pitch>
          <step>D</step>
          <octave>5</octave>
        </pitch>
        <duration>2</duration>
        <voice>1</voice>
        <type>quarter</type>
        <stem default-y="-45">down</stem>
        <notations>
          <technical>
            <fingering default-x="3" default-y="3" placement="above">1</fingering>
          </technical>
        </notations>
      </note>
    </measure>
    <!--=======================================================-->
    <measure number="18" width="128">
      <note>
        <rest measure="yes"/>
        <duration>6</duration>
        <voice>1</voice>
      </note>
      <barline location="right">
        <bar-style>light-heavy</bar-style>
      </barline>
    </measure>
  </part>
  <!--=========================================================-->
  <part id="P2">
    <measure number="1" width="218">
      <print>
        <measure-numbering>none</measure-numbering>
      </print>
      <attributes>
        <divisions>2</divisions>
        <key>
          <fifths>2</fifths>
          <mode>major</mode>
        </key>
        <time>
          <beats>3</beats>
          <beat-type>4</beat-type>
        </time>
        <clef>
          <sign>F</sign>
          <line>4</line>
        </clef>
      </attributes>
      <sound tempo="120"/>
      <note>
        <rest measure="yes"/>
        <duration>6</duration>
        <voice>1</voice>
      </note>
    </measure>
    <!--=======================================================-->
    <measure number="2" width="153">
      <note default-x="16">
        <pitch>
          <step>D</step>
          <octave>3</octave>
        </pitch>
        <duration>1</duration>
        <voice>1</voice>
        <type>eighth</type>
        <stem default-y="-55">down</stem>
        <beam number="1">begin</beam>
        <notations>
          <technical>
            <fingering default-x="2" default-y="-7" placement="above">5</fingering>
          </technical>
        </notations>
      </note>
      <note default-x="39">
        <pitch>
          <step>E</step>
          <octave>3</octave>
        </pitch>
        <duration>1</duration>
        <voice>1</voice>
        <type>eighth</type>
        <stem default-y="-50">down</stem>
        <beam number="1">end</beam>
        <notations>
          <technical>
            <fingering default-x="1" default-y="-7" placement="above">4</fingering>
          </technical>
        </notations>
      </note>
      <note default-x="62">
        <pitch>
          <step>F</step>
          <alter>1</alter>
          <octave>3</octave>
        </pitch>
        <duration>1</duration>
        <voice>1</voice>
        <type>eighth</type>
        <stem default-y="-45">down</stem>
        <beam number="1">begin</beam>
        <notations>
          <technical>
            <fingering default-x="2" default-y="3" placement="above">3</fingering>
          </technical>
        </notations>
      </note>
      <note default-x="84">
        <pitch>
          <step>G</step>
          <octave>3</octave>
        </pitch>
        <duration>1</duration>
        <voice>1</voice>
        <type>eighth</type>
        <stem default-y="-40">down</stem>
        <beam number="1">end</beam>
        <notations>
          <technical>
            <fingering default-x="2" default-y="5" placement="above">2</fingering>
          </technical>
        </notations>
      </note>
      <note default-x="107">
        <pitch>
          <step>A</step>
          <octave>3</octave>
        </pitch>
        <duration>1</duration>
        <voice>1</voice>
        <type>eighth</type>
        <stem default-y="-35">down</stem>
        <beam number="1">begin</beam>
        <notations>
          <technical>
            <fingering default-x="3" default-y="10" placement="above">1</fingering>
          </technical>
        </notations>
      </note>
      <note default-x="130">
        <pitch>
          <step>B</step>
          <octave>3</octave>
        </pitch>
        <duration>1</duration>
        <voice>1</voice>
        <type>eighth</type>
        <stem default-y="-30">down</stem>
        <beam number="1">end</beam>
        <notations>
          <technical>
            <fingering default-x="1" default-y="15" placement="above">3</fingering>
          </technical>
        </notations>
      </note>
    </measure>
    <!--=======================================================-->
    <measure number="3" width="153">
      <note default-x="16">
        <pitch>
          <step>C</step>
          <alter>1</alter>
          <octave>4</octave>
        </pitch>
        <duration>1</duration>
        <voice>1</voice>
        <type>eighth</type>
        <stem default-y="-25">down</stem>
        <beam number="1">begin</beam>
        <notations>
          <technical>
            <fingering default-x="2" default-y="20" placement="above">2</fingering>
          </technical>
        </notations>
      </note>
      <note default-x="39">
        <pitch>
          <step>B</step>
          <octave>3</octave>
        </pitch>
        <duration>1</duration>
        <voice>1</voice>
        <type>eighth</type>
        <stem default-y="-30">down</stem>
        <beam number="1">end</beam>
        <notations>
          <technical>
            <fingering default-x="3" default-y="15" placement="above">1</fingering>
          </technical>
        </notations>
      </note>
      <note default-x="62">
        <pitch>
          <step>C</step>
          <alter>1</alter>
          <octave>4</octave>
        </pitch>
        <duration>1</duration>
        <voice>1</voice>
        <type>eighth</type>
        <stem default-y="-30">down</stem>
        <beam number="1">begin</beam>
        <notations>
          <technical>
            <fingering default-x="2" default-y="20" placement="above">2</fingering>
          </technical>
        </notations>
      </note>
      <note default-x="84">
        <pitch>
          <step>A</step>
          <octave>3</octave>
        </pitch>
        <duration>1</duration>
        <voice>1</voice>
        <type>eighth</type>
        <stem default-y="-35">down</stem>
        <beam number="1">end</beam>
        <notations>
          <technical>
            <fingering default-x="1" default-y="10" placement="above">4</fingering>
          </technical>
        </notations>
      </note>
      <note default-x="107">
        <pitch>
          <step>B</step>
          <octave>3</octave>
        </pitch>
        <duration>1</duration>
        <voice>1</voice>
        <type>eighth</type>
        <stem default-y="-30">down</stem>
        <beam number="1">begin</beam>
        <notations>
          <technical>
            <fingering default-x="2" default-y="15" placement="above">3</fingering>
          </technical>
        </notations>
      </note>
      <note default-x="129">
        <pitch>
          <step>C</step>
          <alter>1</alter>
          <octave>4</octave>
        </pitch>
        <duration>1</duration>
        <voice>1</voice>
        <type>eighth</type>
        <stem default-y="-25">down</stem>
        <beam number="1">end</beam>
        <notations>
          <technical>
            <fingering default-x="2" default-y="20" placement="above">2</fingering>
          </technical>
        </notations>
      </note>
    </measure>
    <!--=======================================================-->
    <measure number="4" width="157">
      <note default-x="16">
        <pitch>
          <step>D</step>
          <octave>4</octave>
        </pitch>
        <duration>1</duration>
        <voice>1</voice>
        <type>eighth</type>
        <stem default-y="-20">down</stem>
        <beam number="1">begin</beam>
        <notations>
          <technical>
            <fingering default-x="3" default-y="25" placement="above">1</fingering>
          </technical>
        </notations>
      </note>
      <note default-x="40">
        <pitch>
          <step>C</step>
          <alter>1</alter>
          <octave>4</octave>
        </pitch>
        <duration>1</duration>
        <voice>1</voice>
        <type>eighth</type>
        <stem default-y="-25">down</stem>
        <beam number="1">end</beam>
        <notations>
          <technical>
            <fingering default-x="2" default-y="20" placement="above">2</fingering>
          </technical>
        </notations>
      </note>
      <note default-x="64">
        <pitch>
          <step>D</step>
          <octave>4</octave>
        </pitch>
        <duration>1</duration>
        <voice>1</voice>
        <type>eighth</type>
        <stem default-y="-30">down</stem>
        <beam number="1">begin</beam>
        <notations>
          <technical>
            <fingering default-x="3" default-y="25" placement="above">1</fingering>
          </technical>
        </notations>
      </note>
      <note default-x="87">
        <pitch>
          <step>A</step>
          <octave>3</octave>
        </pitch>
        <duration>1</duration>
        <voice>1</voice>
        <type>eighth</type>
        <stem default-y="-35">down</stem>
        <beam number="1">end</beam>
        <notations>
          <technical>
            <fingering default-x="2" default-y="10" placement="above">2</fingering>
          </technical>
        </notations>
      </note>
      <note default-x="110">
        <pitch>
          <step>F</step>
          <alter>1</alter>
          <octave>3</octave>
        </pitch>
        <duration>1</duration>
        <voice>1</voice>
        <type>eighth</type>
        <stem default-y="-50">down</stem>
        <beam number="1">begin</beam>
        <notations>
          <technical>
            <fingering default-x="2" default-y="3" placement="above">3</fingering>
          </technical>
        </notations>
      </note>
      <note default-x="133">
        <pitch>
          <step>D</step>
          <octave>3</octave>
        </pitch>
        <duration>1</duration>
        <voice>1</voice>
        <type>eighth</type>
        <stem default-y="-55">down</stem>
        <beam number="1">end</beam>
        <notations>
          <technical>
            <fingering default-x="2" default-y="-7" placement="above">5</fingering>
          </technical>
        </notations>
      </note>
    </measure>
    <!--=======================================================-->
    <measure number="5" width="157">
      <note default-x="14">
        <pitch>
          <step>A</step>
          <octave>3</octave>
        </pitch>
        <duration>1</duration>
        <voice>1</voice>
        <type>eighth</type>
        <stem default-y="-45">down</stem>
        <beam number="1">begin</beam>
        <notations>
          <technical>
            <fingering default-x="3" default-y="10" placement="above">1</fingering>
          </technical>
        </notations>
      </note>
      <note default-x="37">
        <pitch>
          <step>E</step>
          <octave>3</octave>
        </pitch>
        <duration>1</duration>
        <voice>1</voice>
        <type>eighth</type>
        <stem default-y="-50">down</stem>
        <beam number="1">end</beam>
        <notations>
          <technical>
            <fingering default-x="2" default-y="-7" placement="above">2</fingering>
          </technical>
        </notations>
      </note>
      <note default-x="60">
        <pitch>
          <step>C</step>
          <alter>1</alter>
          <octave>3</octave>
        </pitch>
        <duration>1</duration>
        <voice>1</voice>
        <type>eighth</type>
        <stem default-y="-60">down</stem>
        <beam number="1">begin</beam>
        <notations>
          <technical>
            <fingering default-x="1" default-y="-17" placement="above">4</fingering>
          </technical>
        </notations>
      </note>
      <note default-x="83">
        <pitch>
          <step>E</step>
          <octave>3</octave>
        </pitch>
        <duration>1</duration>
        <voice>1</voice>
        <type>eighth</type>
        <stem default-y="-55">down</stem>
        <beam number="1">end</beam>
        <notations>
          <technical>
            <fingering default-x="2" default-y="-7" placement="above">2</fingering>
          </technical>
        </notations>
      </note>
      <note default-x="105">
        <pitch>
          <step>A</step>
          <octave>2</octave>
        </pitch>
        <duration>1</duration>
        <voice>1</voice>
        <type>eighth</type>
        <stem default-y="0">up</stem>
        <notations>
          <technical>
            <fingering default-x="2" default-y="7" placement="above">5</fingering>
          </technical>
        </notations>
      </note>
      <note default-x="133">
        <rest/>
        <duration>1</duration>
        <voice>1</voice>
        <type>eighth</type>
      </note>
    </measure>
    <!--=======================================================-->
    <measure number="6" width="152">
      <note default-x="14">
        <pitch>
          <step>A</step>
          <octave>2</octave>
        </pitch>
        <duration>1</duration>
        <voice>1</voice>
        <type>eighth</type>
        <stem default-y="0">up</stem>
        <beam number="1">begin</beam>
        <notations>
          <technical>
            <fingering default-x="2" default-y="5" placement="above">5</fingering>
          </technical>
        </notations>
      </note>
      <note default-x="37">
        <pitch>
          <step>B</step>
          <octave>2</octave>
        </pitch>
        <duration>1</duration>
        <voice>1</voice>
        <type>eighth</type>
        <stem default-y="5">up</stem>
        <beam number="1">end</beam>
        <notations>
          <technical>
            <fingering default-x="1" default-y="10" placement="above">4</fingering>
          </technical>
        </notations>
      </note>
      <note default-x="60">
        <pitch>
          <step>C</step>
          <alter>1</alter>
          <octave>3</octave>
        </pitch>
        <duration>1</duration>
        <voice>1</voice>
        <type>eighth</type>
        <stem default-y="10">up</stem>
        <beam number="1">begin</beam>
        <notations>
          <technical>
            <fingering default-x="1" default-y="15" placement="above">3</fingering>
          </technical>
        </notations>
      </note>
      <note default-x="82">
        <pitch>
          <step>A</step>
          <octave>2</octave>
        </pitch>
        <duration>1</duration>
        <voice>1</voice>
        <type>eighth</type>
        <stem default-y="5">up</stem>
        <beam number="1">end</beam>
        <notations>
          <technical>
            <fingering default-x="2" default-y="10" placement="above">5</fingering>
          </technical>
        </notations>
      </note>
      <note default-x="106">
        <pitch>
          <step>B</step>
          <octave>2</octave>
        </pitch>
        <duration>1</duration>
        <voice>1</voice>
        <type>eighth</type>
        <stem default-y="5">up</stem>
        <beam number="1">begin</beam>
        <notations>
          <technical>
            <fingering default-x="1" default-y="10" placement="above">4</fingering>
          </technical>
        </notations>
      </note>
      <note default-x="129">
        <pitch>
          <step>C</step>
          <alter>1</alter>
          <octave>3</octave>
        </pitch>
        <duration>1</duration>
        <voice>1</voice>
        <type>eighth</type>
        <stem default-y="10">up</stem>
        <beam number="1">end</beam>
        <notations>
          <technical>
            <fingering default-x="2" default-y="15" placement="above">3</fingering>
          </technical>
        </notations>
      </note>
    </measure>
    <!--=======================================================-->
    <measure number="7" width="235">
      <print new-system="yes"/>
      <note default-x="92">
        <pitch>
          <step>D</step>
          <octave>3</octave>
        </pitch>
        <duration>1</duration>
        <voice>1</voice>
        <type>eighth</type>
        <stem default-y="-55">down</stem>
        <beam number="1">begin</beam>
        <notations>
          <technical>
            <fingering default-x="2" default-y="-7" placement="above">2</fingering>
          </technical>
        </notations>
      </note>
      <note default-x="115">
        <pitch>
          <step>E</step>
          <octave>3</octave>
        </pitch>
        <duration>1</duration>
        <voice>1</voice>
        <type>eighth</type>
        <stem default-y="-50">down</stem>
        <beam number="1">end</beam>
        <notations>
          <technical>
            <fingering default-x="3" default-y="-7" placement="above">1</fingering>
          </technical>
        </notations>
      </note>
      <note default-x="139">
        <pitch>
          <step>F</step>
          <alter>1</alter>
          <octave>3</octave>
        </pitch>
        <duration>1</duration>
        <voice>1</voice>
        <type>eighth</type>
        <stem default-y="-45">down</stem>
        <beam number="1">begin</beam>
        <notations>
          <technical>
            <fingering default-x="2" default-y="3" placement="above">3</fingering>
          </technical>
        </notations>
      </note>
      <note default-x="163">
        <pitch>
          <step>G</step>
          <octave>3</octave>
        </pitch>
        <duration>1</duration>
        <voice>1</voice>
        <type>eighth</type>
        <stem default-y="-40">down</stem>
        <beam number="1">end</beam>
        <notations>
          <technical>
            <fingering default-x="2" default-y="5" placement="above">2</fingering>
          </technical>
        </notations>
      </note>
      <note default-x="187">
        <pitch>
          <step>A</step>
          <octave>3</octave>
        </pitch>
        <duration>1</duration>
        <voice>1</voice>
        <type>eighth</type>
        <stem default-y="-35">down</stem>
        <beam number="1">begin</beam>
        <notations>
          <technical>
            <fingering default-x="3" default-y="10" placement="above">1</fingering>
          </technical>
        </notations>
      </note>
      <note default-x="211">
        <pitch>
          <step>B</step>
          <octave>3</octave>
        </pitch>
        <duration>1</duration>
        <voice>1</voice>
        <type>eighth</type>
        <stem default-y="-30">down</stem>
        <beam number="1">end</beam>
        <notations>
          <technical>
            <fingering default-x="2" default-y="15" placement="above">3</fingering>
          </technical>
        </notations>
      </note>
    </measure>
    <!--=======================================================-->
    <measure number="8" width="183">
      <note default-x="26">
        <pitch>
          <step>C</step>
          <alter>1</alter>
          <octave>4</octave>
        </pitch>
        <duration>1</duration>
        <voice>1</voice>
        <type>eighth</type>
        <stem default-y="-25">down</stem>
        <beam number="1">begin</beam>
        <notations>
          <technical>
            <fingering default-x="2" default-y="20" placement="above">2</fingering>
          </technical>
        </notations>
      </note>
      <note default-x="51">
        <pitch>
          <step>B</step>
          <octave>3</octave>
        </pitch>
        <duration>1</duration>
        <voice>1</voice>
        <type>eighth</type>
        <stem default-y="-30">down</stem>
        <beam number="1">end</beam>
        <notations>
          <technical>
            <fingering default-x="2" default-y="15" placement="above">3</fingering>
          </technical>
        </notations>
      </note>
      <note default-x="79">
        <pitch>
          <step>C</step>
          <alter>1</alter>
          <octave>4</octave>
        </pitch>
        <duration>1</duration>
        <voice>1</voice>
        <type>eighth</type>
        <stem default-y="-30">down</stem>
        <beam number="1">begin</beam>
        <notations>
          <technical>
            <fingering default-x="2" default-y="20" placement="above">2</fingering>
          </technical>
        </notations>
      </note>
      <note default-x="104">
        <pitch>
          <step>A</step>
          <octave>3</octave>
        </pitch>
        <duration>1</duration>
        <voice>1</voice>
        <type>eighth</type>
        <stem default-y="-35">down</stem>
        <beam number="1">end</beam>
        <notations>
          <technical>
            <fingering default-x="1" default-y="10" placement="above">4</fingering>
          </technical>
        </notations>
      </note>
      <note default-x="132">
        <pitch>
          <step>B</step>
          <octave>3</octave>
        </pitch>
        <duration>1</duration>
        <voice>1</voice>
        <type>eighth</type>
        <stem default-y="-30">down</stem>
        <beam number="1">begin</beam>
        <notations>
          <technical>
            <fingering default-x="2" default-y="15" placement="above">3</fingering>
          </technical>
        </notations>
      </note>
      <note default-x="157">
        <pitch>
          <step>C</step>
          <alter>1</alter>
          <octave>4</octave>
        </pitch>
        <duration>1</duration>
        <voice>1</voice>
        <type>eighth</type>
        <stem default-y="-25">down</stem>
        <beam number="1">end</beam>
        <notations>
          <technical>
            <fingering default-x="1" default-y="20" placement="above">2</fingering>
          </technical>
        </notations>
      </note>
    </measure>
    <!--=======================================================-->
    <measure number="9" width="160">
      <note default-x="16">
        <pitch>
          <step>D</step>
          <octave>4</octave>
        </pitch>
        <duration>1</duration>
        <voice>1</voice>
        <type>eighth</type>
        <stem default-y="-30">down</stem>
        <beam number="1">begin</beam>
        <notations>
          <technical>
            <fingering default-x="3" default-y="25" placement="above">1</fingering>
          </technical>
        </notations>
      </note>
      <note default-x="40">
        <pitch>
          <step>A</step>
          <octave>3</octave>
        </pitch>
        <duration>1</duration>
        <voice>1</voice>
        <type>eighth</type>
        <stem default-y="-35">down</stem>
        <beam number="1">end</beam>
        <notations>
          <technical>
            <fingering default-x="2" default-y="10" placement="above">2</fingering>
          </technical>
        </notations>
      </note>
      <note default-x="64">
        <pitch>
          <step>F</step>
          <alter>1</alter>
          <octave>3</octave>
        </pitch>
        <duration>1</duration>
        <voice>1</voice>
        <type>eighth</type>
        <stem default-y="-45">down</stem>
        <beam number="1">begin</beam>
        <notations>
          <technical>
            <fingering default-x="2" default-y="3" placement="above">3</fingering>
          </technical>
        </notations>
      </note>
      <note default-x="88">
        <pitch>
          <step>A</step>
          <octave>3</octave>
        </pitch>
        <duration>1</duration>
        <voice>1</voice>
        <type>eighth</type>
        <stem default-y="-40">down</stem>
        <beam number="1">end</beam>
        <notations>
          <technical>
            <fingering default-x="2" default-y="10" placement="above">2</fingering>
          </technical>
        </notations>
      </note>
      <note default-x="112">
        <pitch>
          <step>D</step>
          <octave>3</octave>
        </pitch>
        <duration>1</duration>
        <voice>1</voice>
        <type>eighth</type>
        <stem default-y="-55">down</stem>
        <notations>
          <technical>
            <fingering default-x="2" default-y="-7" placement="above">5</fingering>
          </technical>
        </notations>
      </note>
      <note default-x="136">
        <rest/>
        <duration>1</duration>
        <voice>1</voice>
        <type>eighth</type>
      </note>
    </measure>
    <!--=======================================================-->
    <measure number="10" width="160">
      <note default-x="16">
        <pitch>
          <step>A</step>
          <octave>3</octave>
        </pitch>
        <duration>1</duration>
        <voice>1</voice>
        <type>eighth</type>
        <stem default-y="-35">down</stem>
        <notations>
          <technical>
            <fingering default-x="3" default-y="30" placement="above">5</fingering>
            <fingering default-x="3" default-y="30" placement="above">1</fingering>
          </technical>
        </notations>
      </note>
      <note default-x="16">
        <chord/>
        <pitch>
          <step>E</step>
          <octave>4</octave>
        </pitch>
        <duration>1</duration>
        <voice>1</voice>
        <type>eighth</type>
        <stem>down</stem>
      </note>
      <note default-x="40">
        <rest/>
        <duration>1</duration>
        <voice>1</voice>
        <type>eighth</type>
      </note>
      <note default-x="64">
        <pitch>
          <step>A</step>
          <octave>3</octave>
        </pitch>
        <duration>1</duration>
        <voice>1</voice>
        <type>eighth</type>
        <stem default-y="-35">down</stem>
        <notations>
          <technical>
            <fingering default-x="2" default-y="30" placement="above">5</fingering>
            <fingering default-x="3" default-y="30" placement="above">1</fingering>
          </technical>
        </notations>
      </note>
      <note default-x="64">
        <chord/>
        <pitch>
          <step>E</step>
          <octave>4</octave>
        </pitch>
        <duration>1</duration>
        <voice>1</voice>
        <type>eighth</type>
        <stem>down</stem>
      </note>
      <note default-x="88">
        <rest/>
        <duration>1</duration>
        <voice>1</voice>
        <type>eighth</type>
      </note>
      <note default-x="112">
        <pitch>
          <step>A</step>
          <octave>3</octave>
        </pitch>
        <duration>1</duration>
        <voice>1</voice>
        <type>eighth</type>
        <stem default-y="-35">down</stem>
        <notations>
          <technical>
            <fingering default-x="2" default-y="30" placement="above">5</fingering>
            <fingering default-x="3" default-y="30" placement="above">1</fingering>
          </technical>
        </notations>
      </note>
      <note default-x="112">
        <chord/>
        <pitch>
          <step>E</step>
          <octave>4</octave>
        </pitch>
        <duration>1</duration>
        <voice>1</voice>
        <type>eighth</type>
        <stem>down</stem>
      </note>
      <note default-x="136">
        <rest/>
        <duration>1</duration>
        <voice>1</voice>
        <type>eighth</type>
      </note>
    </measure>
    <!--=======================================================-->
    <measure number="11" width="160">
      <note default-x="16">
        <pitch>
          <step>D</step>
          <octave>4</octave>
        </pitch>
        <duration>4</duration>
        <voice>1</voice>
        <type>half</type>
        <stem default-y="-20">down</stem>
        <notations>
          <technical>
            <fingering default-x="2" default-y="35" placement="above">2</fingering>
            <fingering default-x="3" default-y="35" placement="above">1</fingering>
          </technical>
        </notations>
      </note>
      <note default-x="16">
        <chord/>
        <pitch>
          <step>F</step>
          <alter>1</alter>
          <octave>4</octave>
        </pitch>
        <duration>4</duration>
        <voice>1</voice>
        <type>half</type>
        <stem>down</stem>
      </note>
      <note default-x="112">
        <rest/>
        <duration>2</duration>
        <voice>1</voice>
        <type>quarter</type>
      </note>
    </measure>
    <!--=======================================================-->
    <measure number="12" width="160">
      <note default-x="16">
        <pitch>
          <step>A</step>
          <octave>3</octave>
        </pitch>
        <duration>1</duration>
        <voice>1</voice>
        <type>eighth</type>
        <stem default-y="-35">down</stem>
        <notations>
          <technical>
            <fingering default-x="2" default-y="30" placement="above">5</fingering>
            <fingering default-x="3" default-y="30" placement="above">1</fingering>
          </technical>
        </notations>
      </note>
      <note default-x="16">
        <chord/>
        <pitch>
          <step>E</step>
          <octave>4</octave>
        </pitch>
        <duration>1</duration>
        <voice>1</voice>
        <type>eighth</type>
        <stem>down</stem>
      </note>
      <note default-x="40">
        <rest/>
        <duration>1</duration>
        <voice>1</voice>
        <type>eighth</type>
      </note>
      <note default-x="64">
        <pitch>
          <step>A</step>
          <octave>3</octave>
        </pitch>
        <duration>1</duration>
        <voice>1</voice>
        <type>eighth</type>
        <stem default-y="-35">down</stem>
        <notations>
          <technical>
            <fingering default-x="2" default-y="30" placement="above">5</fingering>
            <fingering default-x="3" default-y="30" placement="above">1</fingering>
          </technical>
        </notations>
      </note>
      <note default-x="64">
        <chord/>
        <pitch>
          <step>E</step>
          <octave>4</octave>
        </pitch>
        <duration>1</duration>
        <voice>1</voice>
        <type>eighth</type>
        <stem>down</stem>
      </note>
      <note default-x="88">
        <rest/>
        <duration>1</duration>
        <voice>1</voice>
        <type>eighth</type>
      </note>
      <note default-x="112">
        <pitch>
          <step>A</step>
          <octave>3</octave>
        </pitch>
        <duration>1</duration>
        <voice>1</voice>
        <type>eighth</type>
        <stem default-y="-35">down</stem>
        <notations>
          <technical>
            <fingering default-x="2" default-y="30" placement="above">5</fingering>
            <fingering default-x="3" default-y="30" placement="above">1</fingering>
          </technical>
        </notations>
      </note>
      <note default-x="112">
        <chord/>
        <pitch>
          <step>E</step>
          <octave>4</octave>
        </pitch>
        <duration>1</duration>
        <voice>1</voice>
        <type>eighth</type>
        <stem>down</stem>
      </note>
      <note default-x="135">
        <rest/>
        <duration>1</duration>
        <voice>1</voice>
        <type>eighth</type>
      </note>
    </measure>
    <!--=======================================================-->
    <measure number="13" width="243">
      <print new-system="yes"/>
      <note default-x="94">
        <pitch>
          <step>D</step>
          <octave>4</octave>
        </pitch>
        <duration>4</duration>
        <voice>1</voice>
        <type>half</type>
        <stem default-y="-20">down</stem>
        <notations>
          <technical>
            <fingering default-x="2" default-y="35" placement="above">2</fingering>
            <fingering default-x="3" default-y="35" placement="above">1</fingering>
          </technical>
        </notations>
      </note>
      <note default-x="94">
        <chord/>
        <pitch>
          <step>F</step>
          <alter>1</alter>
          <octave>4</octave>
        </pitch>
        <duration>4</duration>
        <voice>1</voice>
        <type>half</type>
        <stem>down</stem>
      </note>
      <note default-x="193">
        <rest/>
        <duration>2</duration>
        <voice>1</voice>
        <type>quarter</type>
      </note>
    </measure>
    <!--=======================================================-->
    <measure number="14" width="170">
      <note default-x="17">
        <pitch>
          <step>G</step>
          <octave>3</octave>
        </pitch>
        <duration>1</duration>
        <voice>1</voice>
        <type>eighth</type>
        <stem default-y="-40.5">down</stem>
        <notations>
          <technical>
            <fingering default-x="2" default-y="25" placement="above">5</fingering>
            <fingering default-x="1" default-y="25" placement="above">3</fingering>
            <fingering default-x="2" default-y="25" placement="above">1</fingering>
          </technical>
        </notations>
      </note>
      <note default-x="17">
        <chord/>
        <pitch>
          <step>B</step>
          <octave>3</octave>
        </pitch>
        <duration>1</duration>
        <voice>1</voice>
        <type>eighth</type>
        <stem>down</stem>
      </note>
      <note default-x="17">
        <chord/>
        <pitch>
          <step>D</step>
          <octave>4</octave>
        </pitch>
        <duration>1</duration>
        <voice>1</voice>
        <type>eighth</type>
        <stem>down</stem>
      </note>
      <note default-x="42">
        <rest/>
        <duration>1</duration>
        <voice>1</voice>
        <type>eighth</type>
      </note>
      <note default-x="67">
        <pitch>
          <step>G</step>
          <octave>3</octave>
        </pitch>
        <duration>1</duration>
        <voice>1</voice>
        <type>eighth</type>
        <stem default-y="-40.5">down</stem>
        <notations>
          <technical>
            <fingering default-x="2" default-y="25" placement="above">5</fingering>
            <fingering default-x="2" default-y="25" placement="above">3</fingering>
            <fingering default-x="3" default-y="25" placement="above">1</fingering>
          </technical>
        </notations>
      </note>
      <note default-x="67">
        <chord/>
        <pitch>
          <step>B</step>
          <octave>3</octave>
        </pitch>
        <duration>1</duration>
        <voice>1</voice>
        <type>eighth</type>
        <stem>down</stem>
      </note>
      <note default-x="67">
        <chord/>
        <pitch>
          <step>D</step>
          <octave>4</octave>
        </pitch>
        <duration>1</duration>
        <voice>1</voice>
        <type>eighth</type>
        <stem>down</stem>
      </note>
      <note default-x="93">
        <rest/>
        <duration>1</duration>
        <voice>1</voice>
        <type>eighth</type>
      </note>
      <note default-x="118">
        <pitch>
          <step>G</step>
          <octave>3</octave>
        </pitch>
        <duration>1</duration>
        <voice>1</voice>
        <type>eighth</type>
        <stem default-y="-40.5">down</stem>
        <notations>
          <technical>
            <fingering default-x="2" default-y="25" placement="above">5</fingering>
            <fingering default-x="2" default-y="25" placement="above">3</fingering>
            <fingering default-x="3" default-y="25" placement="above">1</fingering>
          </technical>
        </notations>
      </note>
      <note default-x="118">
        <chord/>
        <pitch>
          <step>B</step>
          <octave>3</octave>
        </pitch>
        <duration>1</duration>
        <voice>1</voice>
        <type>eighth</type>
        <stem>down</stem>
      </note>
      <note default-x="118">
        <chord/>
        <pitch>
          <step>D</step>
          <octave>4</octave>
        </pitch>
        <duration>1</duration>
        <voice>1</voice>
        <type>eighth</type>
        <stem>down</stem>
      </note>
      <note default-x="144">
        <rest/>
        <duration>1</duration>
        <voice>1</voice>
        <type>eighth</type>
      </note>
    </measure>
    <!--=======================================================-->
    <measure number="15" width="174">
      <note default-x="16">
        <pitch>
          <step>F</step>
          <alter>1</alter>
          <octave>3</octave>
        </pitch>
        <duration>3</duration>
        <voice>1</voice>
        <type>quarter</type>
        <dot/>
        <stem default-y="-45">down</stem>
        <notations>
          <technical>
            <fingering default-x="3" default-y="25" placement="above">5</fingering>
            <fingering default-x="2" default-y="25" placement="above">3</fingering>
            <fingering default-x="3" default-y="25" placement="above">1</fingering>
          </technical>
        </notations>
      </note>
      <note default-x="16">
        <chord/>
        <pitch>
          <step>A</step>
          <octave>3</octave>
        </pitch>
        <duration>3</duration>
        <voice>1</voice>
        <type>quarter</type>
        <dot/>
        <stem>down</stem>
      </note>
      <note default-x="16">
        <chord/>
        <pitch>
          <step>D</step>
          <octave>4</octave>
        </pitch>
        <duration>3</duration>
        <voice>1</voice>
        <type>quarter</type>
        <dot/>
        <stem>down</stem>
      </note>
      <note default-x="95">
        <rest/>
        <duration>1</duration>
        <voice>1</voice>
        <type>eighth</type>
      </note>
      <note default-x="121">
        <rest/>
        <duration>2</duration>
        <voice>1</voice>
        <type>quarter</type>
      </note>
    </measure>
    <!--=======================================================-->
    <measure number="16" width="190">
      <note default-x="16">
        <pitch>
          <step>A</step>
          <octave>3</octave>
        </pitch>
        <duration>1</duration>
        <voice>1</voice>
        <type>eighth</type>
        <stem default-y="-35.5">down</stem>
        <notations>
          <technical>
            <fingering default-x="2" default-y="40" placement="above">5</fingering>
            <fingering default-x="2" default-y="40" placement="above">3</fingering>
            <fingering default-x="3" default-y="40" placement="above">1</fingering>
          </technical>
        </notations>
      </note>
      <note default-x="16">
        <chord/>
        <pitch>
          <step>C</step>
          <alter>1</alter>
          <octave>4</octave>
        </pitch>
        <duration>1</duration>
        <voice>1</voice>
        <type>eighth</type>
        <stem>down</stem>
      </note>
      <note default-x="16">
        <chord/>
        <pitch>
          <step>G</step>
          <octave>4</octave>
        </pitch>
        <duration>1</duration>
        <voice>1</voice>
        <type>eighth</type>
        <stem>down</stem>
      </note>
      <note default-x="43">
        <rest/>
        <duration>1</duration>
        <voice>1</voice>
        <type>eighth</type>
      </note>
      <note default-x="77">
        <pitch>
          <step>A</step>
          <octave>3</octave>
        </pitch>
        <duration>1</duration>
        <voice>1</voice>
        <type>eighth</type>
        <stem default-y="-35.5">down</stem>
        <notations>
          <technical>
            <fingering default-x="2" default-y="40" placement="above">5</fingering>
            <fingering default-x="2" default-y="40" placement="above">3</fingering>
            <fingering default-x="3" default-y="40" placement="above">1</fingering>
          </technical>
        </notations>
      </note>
      <note default-x="77">
        <chord/>
        <pitch>
          <step>C</step>
          <alter>1</alter>
          <octave>4</octave>
        </pitch>
        <duration>1</duration>
        <voice>1</voice>
        <type>eighth</type>
        <stem>down</stem>
      </note>
      <note default-x="77">
        <chord/>
        <pitch>
          <step>G</step>
          <octave>4</octave>
        </pitch>
        <duration>1</duration>
        <voice>1</voice>
        <type>eighth</type>
        <stem>down</stem>
      </note>
      <note default-x="103">
        <rest/>
        <duration>1</duration>
        <voice>1</voice>
        <type>eighth</type>
      </note>
      <note default-x="136">
        <pitch>
          <step>A</step>
          <octave>3</octave>
        </pitch>
        <duration>1</duration>
        <voice>1</voice>
        <type>eighth</type>
        <stem default-y="-35.5">down</stem>
        <notations>
          <technical>
            <fingering default-x="2" default-y="40" placement="above">5</fingering>
            <fingering default-x="2" default-y="40" placement="above">3</fingering>
            <fingering default-x="3" default-y="40" placement="above">1</fingering>
          </technical>
        </notations>
      </note>
      <note default-x="136">
        <chord/>
        <pitch>
          <step>C</step>
          <alter>1</alter>
          <octave>4</octave>
        </pitch>
        <duration>1</duration>
        <voice>1</voice>
        <type>eighth</type>
        <stem>down</stem>
      </note>
      <note default-x="136">
        <chord/>
        <pitch>
          <step>G</step>
          <octave>4</octave>
        </pitch>
        <duration>1</duration>
        <voice>1</voice>
        <type>eighth</type>
        <stem>down</stem>
      </note>
      <note default-x="163">
        <rest/>
        <duration>1</duration>
        <voice>1</voice>
        <type>eighth</type>
      </note>
    </measure>
    <!--=======================================================-->
    <measure number="17" width="155">
      <note default-x="16">
        <pitch>
          <step>D</step>
          <octave>4</octave>
        </pitch>
        <duration>4</duration>
        <voice>1</voice>
        <type>half</type>
        <stem default-y="-20">down</stem>
        <notations>
          <technical>
            <fingering default-x="2" default-y="35" placement="above">2</fingering>
            <fingering default-x="3" default-y="35" placement="above">1</fingering>
          </technical>
        </notations>
      </note>
      <note default-x="16">
        <chord/>
        <pitch>
          <step>F</step>
          <alter>1</alter>
          <octave>4</octave>
        </pitch>
        <duration>4</duration>
        <voice>1</voice>
        <type>half</type>
        <stem>down</stem>
      </note>
      <note default-x="115">
        <rest/>
        <duration>2</duration>
        <voice>1</voice>
        <type>quarter</type>
      </note>
    </measure>
    <!--=======================================================-->
    <measure number="18" width="128">
      <note>
        <rest measure="yes"/>
        <duration>6</duration>
        <voice>1</voice>
      </note>
      <barline location="right">
        <bar-style>light-heavy</bar-style>
      </barline>
    </measure>
  </part>
  <!--=========================================================-->
</score-partwise>
