<?xml version="1.0" encoding="UTF-8" standalone="no"?>
<!DOCTYPE score-partwise PUBLIC "-//Recordare//DTD MusicXML 3.0 Partwise//EN" "http://www.musicxml.org/dtds/partwise.dtd">
<score-partwise version="3.0">
  <movement-title>1.xml</movement-title>
  <identification>
    <creator type="composer">Music21</creator>
    <encoding>
      <software>Finale 2014.5 for Windows</software>
      <software>Dolet Light for Finale 2014.5</software>
      <encoding-date>2016-10-28</encoding-date>
      <supports attribute="new-system" element="print" type="yes" value="yes"/>
      <supports attribute="new-page" element="print" type="yes" value="yes"/>
      <supports element="accidental" type="yes"/>
      <supports element="beam" type="yes"/>
      <supports element="stem" type="yes"/>
    </encoding>
  </identification>
  <defaults>
    <scaling>
      <millimeters>7.1967</millimeters>
      <tenths>40</tenths>
    </scaling>
    <page-layout>
      <page-height>1553</page-height>
      <page-width>1200</page-width>
      <page-margins type="both">
        <left-margin>70</left-margin>
        <right-margin>70</right-margin>
        <top-margin>88</top-margin>
        <bottom-margin>88</bottom-margin>
      </page-margins>
    </page-layout>
    <system-layout>
      <system-margins>
        <left-margin>0</left-margin>
        <right-margin>0</right-margin>
      </system-margins>
      <system-distance>121</system-distance>
      <top-system-distance>70</top-system-distance>
    </system-layout>
    <staff-layout>
      <staff-distance>60</staff-distance>
    </staff-layout>
    <appearance>
      <line-width type="stem">0.7487</line-width>
      <line-width type="beam">5</line-width>
      <line-width type="staff">0.7487</line-width>
      <line-width type="light barline">0.7487</line-width>
      <line-width type="heavy barline">5</line-width>
      <line-width type="leger">0.7487</line-width>
      <line-width type="ending">0.7487</line-width>
      <line-width type="wedge">0.7487</line-width>
      <line-width type="enclosure">0.7487</line-width>
      <line-width type="tuplet bracket">0.7487</line-width>
      <note-size type="grace">60</note-size>
      <note-size type="cue">60</note-size>
      <distance type="hyphen">120</distance>
      <distance type="beam">8</distance>
    </appearance>
    <music-font font-family="Maestro,engraved" font-size="20.4"/>
    <word-font font-family="Times New Roman" font-size="10.2"/>
  </defaults>
  <credit page="1">
    <credit-words default-x="71" default-y="1460" font-size="12" valign="top">Score</credit-words>
  </credit>
  <part-list>
    <score-part id="P1">
      <part-name>Track 1</part-name>
      <score-instrument id="P1-I1">
        <instrument-name>Acoustic Grand Piano</instrument-name>
      </score-instrument>
      <midi-instrument id="P1-I1">
        <midi-channel>1</midi-channel>
        <midi-program>1</midi-program>
      </midi-instrument>
    </score-part>
    <score-part id="P2">
      <part-name>Track 2</part-name>
      <score-instrument id="P2-I2">
        <instrument-name>Acoustic Grand Piano</instrument-name>
      </score-instrument>
      <midi-instrument id="P2-I2">
        <midi-channel>2</midi-channel>
        <midi-program>1</midi-program>
      </midi-instrument>
    </score-part>
  </part-list>
  <!--=========================================================-->
  <part id="P1">
    <measure number="1" width="189">
      <print>
        <system-layout>
          <system-margins>
            <left-margin>70</left-margin>
            <right-margin>0</right-margin>
          </system-margins>
          <top-system-distance>211</top-system-distance>
        </system-layout>
        <measure-numbering>system</measure-numbering>
      </print>
      <attributes>
        <divisions>2</divisions>
        <key>
          <fifths>0</fifths>
          <mode>major</mode>
        </key>
        <time>
          <beats>4</beats>
          <beat-type>4</beat-type>
        </time>
        <clef>
          <sign>G</sign>
          <line>2</line>
        </clef>
      </attributes>
      <sound tempo="120"/>
      <note>
        <rest measure="yes"/>
        <duration>8</duration>
        <voice>1</voice>
      </note>
    </measure>
    <!--=======================================================-->
    <measure number="2" width="235">
      <note default-x="14">
        <pitch>
          <step>E</step>
          <octave>4</octave>
        </pitch>
        <duration>1</duration>
        <voice>1</voice>
        <type>eighth</type>
        <stem default-y="20.5">up</stem>
        <notations>
          <technical>
            <fingering default-x="2" default-y="27" placement="above">1</fingering>
            <fingering default-x="1" default-y="27" placement="above">2</fingering>
            <fingering default-x="2" default-y="27" placement="above">5</fingering>
          </technical>
        </notations>
      </note>
      <note default-x="14">
        <chord/>
        <pitch>
          <step>G</step>
          <octave>4</octave>
        </pitch>
        <duration>1</duration>
        <voice>1</voice>
        <type>eighth</type>
        <stem>up</stem>
      </note>
      <note default-x="14">
        <chord/>
        <pitch>
          <step>C</step>
          <octave>5</octave>
        </pitch>
        <duration>1</duration>
        <voice>1</voice>
        <type>eighth</type>
        <stem>up</stem>
      </note>
      <note default-x="41">
        <rest/>
        <duration>1</duration>
        <voice>1</voice>
        <type>eighth</type>
      </note>
      <note default-x="69">
        <pitch>
          <step>E</step>
          <octave>4</octave>
        </pitch>
        <duration>1</duration>
        <voice>1</voice>
        <type>eighth</type>
        <stem default-y="20.5">up</stem>
        <notations>
          <technical>
            <fingering default-x="3" default-y="27" placement="above">1</fingering>
            <fingering default-x="2" default-y="27" placement="above">2</fingering>
            <fingering default-x="2" default-y="27" placement="above">5</fingering>
          </technical>
        </notations>
      </note>
      <note default-x="69">
        <chord/>
        <pitch>
          <step>G</step>
          <octave>4</octave>
        </pitch>
        <duration>1</duration>
        <voice>1</voice>
        <type>eighth</type>
        <stem>up</stem>
      </note>
      <note default-x="69">
        <chord/>
        <pitch>
          <step>C</step>
          <octave>5</octave>
        </pitch>
        <duration>1</duration>
        <voice>1</voice>
        <type>eighth</type>
        <stem>up</stem>
      </note>
      <note default-x="96">
        <rest/>
        <duration>1</duration>
        <voice>1</voice>
        <type>eighth</type>
      </note>
      <note default-x="124">
        <pitch>
          <step>E</step>
          <octave>4</octave>
        </pitch>
        <duration>1</duration>
        <voice>1</voice>
        <type>eighth</type>
        <stem default-y="20.5">up</stem>
        <notations>
          <technical>
            <fingering default-x="3" default-y="27" placement="above">1</fingering>
            <fingering default-x="2" default-y="27" placement="above">2</fingering>
            <fingering default-x="2" default-y="27" placement="above">5</fingering>
          </technical>
        </notations>
      </note>
      <note default-x="124">
        <chord/>
        <pitch>
          <step>G</step>
          <octave>4</octave>
        </pitch>
        <duration>1</duration>
        <voice>1</voice>
        <type>eighth</type>
        <stem>up</stem>
      </note>
      <note default-x="124">
        <chord/>
        <pitch>
          <step>C</step>
          <octave>5</octave>
        </pitch>
        <duration>1</duration>
        <voice>1</voice>
        <type>eighth</type>
        <stem>up</stem>
      </note>
      <note default-x="152">
        <rest/>
        <duration>1</duration>
        <voice>1</voice>
        <type>eighth</type>
      </note>
      <note default-x="179">
        <pitch>
          <step>E</step>
          <octave>4</octave>
        </pitch>
        <duration>1</duration>
        <voice>1</voice>
        <type>eighth</type>
        <stem default-y="20.5">up</stem>
        <notations>
          <technical>
            <fingering default-x="3" default-y="27" placement="above">1</fingering>
            <fingering default-x="2" default-y="27" placement="above">2</fingering>
            <fingering default-x="2" default-y="27" placement="above">5</fingering>
          </technical>
        </notations>
      </note>
      <note default-x="179">
        <chord/>
        <pitch>
          <step>G</step>
          <octave>4</octave>
        </pitch>
        <duration>1</duration>
        <voice>1</voice>
        <type>eighth</type>
        <stem>up</stem>
      </note>
      <note default-x="179">
        <chord/>
        <pitch>
          <step>C</step>
          <octave>5</octave>
        </pitch>
        <duration>1</duration>
        <voice>1</voice>
        <type>eighth</type>
        <stem>up</stem>
      </note>
      <note default-x="207">
        <rest/>
        <duration>1</duration>
        <voice>1</voice>
        <type>eighth</type>
      </note>
    </measure>
    <!--=======================================================-->
    <measure number="3" width="173">
      <note default-x="14">
        <pitch>
          <step>E</step>
          <octave>4</octave>
        </pitch>
        <duration>6</duration>
        <voice>1</voice>
        <type>half</type>
        <dot/>
        <stem default-y="14">up</stem>
        <notations>
          <technical>
            <fingering default-x="3" default-y="19" placement="above">1</fingering>
            <fingering default-x="2" default-y="19" placement="above">2</fingering>
            <fingering default-x="2" default-y="19" placement="above">5</fingering>
          </technical>
        </notations>
      </note>
      <note default-x="14">
        <chord/>
        <pitch>
          <step>G</step>
          <octave>4</octave>
        </pitch>
        <duration>6</duration>
        <voice>1</voice>
        <type>half</type>
        <dot/>
        <stem>up</stem>
      </note>
      <note default-x="14">
        <chord/>
        <pitch>
          <step>C</step>
          <octave>5</octave>
        </pitch>
        <duration>6</duration>
        <voice>1</voice>
        <type>half</type>
        <dot/>
        <stem>up</stem>
      </note>
      <note default-x="133">
        <rest/>
        <duration>2</duration>
        <voice>1</voice>
        <type>quarter</type>
      </note>
    </measure>
    <!--=======================================================-->
    <measure number="4" width="210">
      <note default-x="14">
        <pitch>
          <step>G</step>
          <octave>4</octave>
        </pitch>
        <duration>1</duration>
        <voice>1</voice>
        <type>eighth</type>
        <stem default-y="-65.5">down</stem>
        <notations>
          <technical>
            <fingering default-x="2" default-y="3" placement="above">1</fingering>
            <fingering default-x="1" default-y="3" placement="above">3</fingering>
            <fingering default-x="2" default-y="3" placement="above">5</fingering>
          </technical>
        </notations>
      </note>
      <note default-x="14">
        <chord/>
        <pitch>
          <step>B</step>
          <octave>4</octave>
        </pitch>
        <duration>1</duration>
        <voice>1</voice>
        <type>eighth</type>
        <stem>down</stem>
      </note>
      <note default-x="14">
        <chord/>
        <pitch>
          <step>D</step>
          <octave>5</octave>
        </pitch>
        <duration>1</duration>
        <voice>1</voice>
        <type>eighth</type>
        <stem>down</stem>
      </note>
      <note default-x="39">
        <rest/>
        <duration>1</duration>
        <voice>1</voice>
        <type>eighth</type>
      </note>
      <note default-x="63">
        <pitch>
          <step>G</step>
          <octave>4</octave>
        </pitch>
        <duration>1</duration>
        <voice>1</voice>
        <type>eighth</type>
        <stem default-y="-65.5">down</stem>
        <notations>
          <technical>
            <fingering default-x="3" default-y="3" placement="above">1</fingering>
            <fingering default-x="2" default-y="3" placement="above">3</fingering>
            <fingering default-x="2" default-y="3" placement="above">5</fingering>
          </technical>
        </notations>
      </note>
      <note default-x="63">
        <chord/>
        <pitch>
          <step>B</step>
          <octave>4</octave>
        </pitch>
        <duration>1</duration>
        <voice>1</voice>
        <type>eighth</type>
        <stem>down</stem>
      </note>
      <note default-x="63">
        <chord/>
        <pitch>
          <step>D</step>
          <octave>5</octave>
        </pitch>
        <duration>1</duration>
        <voice>1</voice>
        <type>eighth</type>
        <stem>down</stem>
      </note>
      <note default-x="87">
        <rest/>
        <duration>1</duration>
        <voice>1</voice>
        <type>eighth</type>
      </note>
      <note default-x="112">
        <pitch>
          <step>G</step>
          <octave>4</octave>
        </pitch>
        <duration>1</duration>
        <voice>1</voice>
        <type>eighth</type>
        <stem default-y="-65.5">down</stem>
        <notations>
          <technical>
            <fingering default-x="3" default-y="3" placement="above">1</fingering>
            <fingering default-x="2" default-y="3" placement="above">3</fingering>
            <fingering default-x="2" default-y="3" placement="above">5</fingering>
          </technical>
        </notations>
      </note>
      <note default-x="112">
        <chord/>
        <pitch>
          <step>B</step>
          <octave>4</octave>
        </pitch>
        <duration>1</duration>
        <voice>1</voice>
        <type>eighth</type>
        <stem>down</stem>
      </note>
      <note default-x="112">
        <chord/>
        <pitch>
          <step>D</step>
          <octave>5</octave>
        </pitch>
        <duration>1</duration>
        <voice>1</voice>
        <type>eighth</type>
        <stem>down</stem>
      </note>
      <note default-x="136">
        <rest/>
        <duration>1</duration>
        <voice>1</voice>
        <type>eighth</type>
      </note>
      <note default-x="161">
        <pitch>
          <step>G</step>
          <octave>4</octave>
        </pitch>
        <duration>1</duration>
        <voice>1</voice>
        <type>eighth</type>
        <stem default-y="-65.5">down</stem>
        <notations>
          <technical>
            <fingering default-x="3" default-y="3" placement="above">1</fingering>
            <fingering default-x="2" default-y="3" placement="above">3</fingering>
            <fingering default-x="2" default-y="3" placement="above">5</fingering>
          </technical>
        </notations>
      </note>
      <note default-x="161">
        <chord/>
        <pitch>
          <step>B</step>
          <octave>4</octave>
        </pitch>
        <duration>1</duration>
        <voice>1</voice>
        <type>eighth</type>
        <stem>down</stem>
      </note>
      <note default-x="161">
        <chord/>
        <pitch>
          <step>D</step>
          <octave>5</octave>
        </pitch>
        <duration>1</duration>
        <voice>1</voice>
        <type>eighth</type>
        <stem>down</stem>
      </note>
      <note default-x="185">
        <rest/>
        <duration>1</duration>
        <voice>1</voice>
        <type>eighth</type>
      </note>
    </measure>
    <!--=======================================================-->
    <measure number="5" width="182">
      <note default-x="14">
        <pitch>
          <step>G</step>
          <octave>4</octave>
        </pitch>
        <duration>6</duration>
        <tie type="start"/>
        <voice>1</voice>
        <type>half</type>
        <dot/>
        <stem default-y="-58.5">down</stem>
        <notations>
          <tied type="start"/>
          <technical>
            <fingering default-x="3" default-y="3" placement="above">1</fingering>
            <fingering default-x="2" default-y="3" placement="above">3</fingering>
            <fingering default-x="2" default-y="3" placement="above">5</fingering>
          </technical>
        </notations>
      </note>
      <note default-x="14">
        <chord/>
        <pitch>
          <step>B</step>
          <octave>4</octave>
        </pitch>
        <duration>6</duration>
        <tie type="start"/>
        <voice>1</voice>
        <type>half</type>
        <dot/>
        <stem>down</stem>
        <notations>
          <tied type="start"/>
        </notations>
      </note>
      <note default-x="14">
        <chord/>
        <pitch>
          <step>D</step>
          <octave>5</octave>
        </pitch>
        <duration>6</duration>
        <tie type="start"/>
        <voice>1</voice>
        <type>half</type>
        <dot/>
        <stem>down</stem>
        <notations>
          <tied type="start"/>
        </notations>
      </note>
      <note default-x="132">
        <pitch>
          <step>G</step>
          <octave>4</octave>
        </pitch>
        <duration>1</duration>
        <tie type="stop"/>
        <voice>1</voice>
        <type>eighth</type>
        <stem default-y="-65.5">down</stem>
        <notations>
          <tied type="stop"/>
          <technical>
            <fingering default-x="3" default-y="3" placement="above">1</fingering>
            <fingering default-x="2" default-y="3" placement="above">3</fingering>
            <fingering default-x="2" default-y="3" placement="above">5</fingering>
          </technical>
        </notations>
      </note>
      <note default-x="132">
        <chord/>
        <pitch>
          <step>B</step>
          <octave>4</octave>
        </pitch>
        <duration>1</duration>
        <tie type="stop"/>
        <voice>1</voice>
        <type>eighth</type>
        <stem>down</stem>
        <notations>
          <tied type="stop"/>
        </notations>
      </note>
      <note default-x="132">
        <chord/>
        <pitch>
          <step>D</step>
          <octave>5</octave>
        </pitch>
        <duration>1</duration>
        <tie type="stop"/>
        <voice>1</voice>
        <type>eighth</type>
        <stem>down</stem>
        <notations>
          <tied type="stop"/>
        </notations>
      </note>
      <note default-x="157">
        <rest/>
        <duration>1</duration>
        <voice>1</voice>
        <type>eighth</type>
      </note>
    </measure>
    <!--=======================================================-->
    <measure number="6" width="252">
      <print new-system="yes">
        <system-layout>
          <system-distance>114</system-distance>
        </system-layout>
      </print>
      <note default-x="53">
        <pitch>
          <step>G</step>
          <octave>4</octave>
        </pitch>
        <duration>1</duration>
        <voice>1</voice>
        <type>eighth</type>
        <stem default-y="-65">down</stem>
        <notations>
          <technical>
            <fingering default-x="3" default-y="5" placement="above">1</fingering>
            <fingering default-x="2" default-y="5" placement="above">3</fingering>
            <fingering default-x="3" default-y="5" placement="above">5</fingering>
          </technical>
        </notations>
      </note>
      <note default-x="53">
        <chord/>
        <pitch>
          <step>C</step>
          <octave>5</octave>
        </pitch>
        <duration>1</duration>
        <voice>1</voice>
        <type>eighth</type>
        <stem>down</stem>
      </note>
      <note default-x="53">
        <chord/>
        <pitch>
          <step>E</step>
          <octave>5</octave>
        </pitch>
        <duration>1</duration>
        <voice>1</voice>
        <type>eighth</type>
        <stem>down</stem>
      </note>
      <note default-x="78">
        <rest/>
        <duration>1</duration>
        <voice>1</voice>
        <type>eighth</type>
      </note>
      <note default-x="103">
        <pitch>
          <step>G</step>
          <octave>4</octave>
        </pitch>
        <duration>1</duration>
        <voice>1</voice>
        <type>eighth</type>
        <stem default-y="-65">down</stem>
        <notations>
          <technical>
            <fingering default-x="3" default-y="5" placement="above">1</fingering>
            <fingering default-x="2" default-y="5" placement="above">3</fingering>
            <fingering default-x="2" default-y="5" placement="above">5</fingering>
          </technical>
        </notations>
      </note>
      <note default-x="103">
        <chord/>
        <pitch>
          <step>C</step>
          <octave>5</octave>
        </pitch>
        <duration>1</duration>
        <voice>1</voice>
        <type>eighth</type>
        <stem>down</stem>
      </note>
      <note default-x="103">
        <chord/>
        <pitch>
          <step>E</step>
          <octave>5</octave>
        </pitch>
        <duration>1</duration>
        <voice>1</voice>
        <type>eighth</type>
        <stem>down</stem>
      </note>
      <note default-x="128">
        <rest/>
        <duration>1</duration>
        <voice>1</voice>
        <type>eighth</type>
      </note>
      <note default-x="153">
        <pitch>
          <step>G</step>
          <octave>4</octave>
        </pitch>
        <duration>1</duration>
        <voice>1</voice>
        <type>eighth</type>
        <stem default-y="-65">down</stem>
        <notations>
          <technical>
            <fingering default-x="3" default-y="5" placement="above">1</fingering>
            <fingering default-x="2" default-y="5" placement="above">3</fingering>
            <fingering default-x="2" default-y="5" placement="above">5</fingering>
          </technical>
        </notations>
      </note>
      <note default-x="153">
        <chord/>
        <pitch>
          <step>C</step>
          <octave>5</octave>
        </pitch>
        <duration>1</duration>
        <voice>1</voice>
        <type>eighth</type>
        <stem>down</stem>
      </note>
      <note default-x="153">
        <chord/>
        <pitch>
          <step>E</step>
          <octave>5</octave>
        </pitch>
        <duration>1</duration>
        <voice>1</voice>
        <type>eighth</type>
        <stem>down</stem>
      </note>
      <note default-x="177">
        <rest/>
        <duration>1</duration>
        <voice>1</voice>
        <type>eighth</type>
      </note>
      <note default-x="202">
        <pitch>
          <step>G</step>
          <octave>4</octave>
        </pitch>
        <duration>1</duration>
        <voice>1</voice>
        <type>eighth</type>
        <stem default-y="-65">down</stem>
        <notations>
          <technical>
            <fingering default-x="3" default-y="5" placement="above">1</fingering>
            <fingering default-x="2" default-y="5" placement="above">3</fingering>
            <fingering default-x="2" default-y="5" placement="above">5</fingering>
          </technical>
        </notations>
      </note>
      <note default-x="202">
        <chord/>
        <pitch>
          <step>C</step>
          <octave>5</octave>
        </pitch>
        <duration>1</duration>
        <voice>1</voice>
        <type>eighth</type>
        <stem>down</stem>
      </note>
      <note default-x="202">
        <chord/>
        <pitch>
          <step>E</step>
          <octave>5</octave>
        </pitch>
        <duration>1</duration>
        <voice>1</voice>
        <type>eighth</type>
        <stem>down</stem>
      </note>
      <note default-x="227">
        <rest/>
        <duration>1</duration>
        <voice>1</voice>
        <type>eighth</type>
      </note>
    </measure>
    <!--=======================================================-->
    <measure number="7" width="175">
      <note default-x="14">
        <pitch>
          <step>G</step>
          <octave>4</octave>
        </pitch>
        <duration>6</duration>
        <voice>1</voice>
        <type>half</type>
        <dot/>
        <stem default-y="-59">down</stem>
        <notations>
          <technical>
            <fingering default-x="3" default-y="5" placement="above">1</fingering>
            <fingering default-x="2" default-y="5" placement="above">3</fingering>
            <fingering default-x="2" default-y="5" placement="above">5</fingering>
          </technical>
        </notations>
      </note>
      <note default-x="14">
        <chord/>
        <pitch>
          <step>C</step>
          <octave>5</octave>
        </pitch>
        <duration>6</duration>
        <voice>1</voice>
        <type>half</type>
        <dot/>
        <stem>down</stem>
      </note>
      <note default-x="14">
        <chord/>
        <pitch>
          <step>E</step>
          <octave>5</octave>
        </pitch>
        <duration>6</duration>
        <voice>1</voice>
        <type>half</type>
        <dot/>
        <stem>down</stem>
      </note>
      <note default-x="134">
        <rest/>
        <duration>2</duration>
        <voice>1</voice>
        <type>quarter</type>
      </note>
    </measure>
    <!--=======================================================-->
    <measure number="8" width="213">
      <note default-x="14">
        <pitch>
          <step>E</step>
          <octave>5</octave>
        </pitch>
        <duration>1</duration>
        <voice>1</voice>
        <type>eighth</type>
        <stem default-y="-40">down</stem>
        <notations>
          <technical>
            <fingering default-x="2" default-y="15" placement="above">3</fingering>
            <fingering default-x="2" default-y="15" placement="above">5</fingering>
          </technical>
        </notations>
      </note>
      <note default-x="14">
        <chord/>
        <pitch>
          <step>G</step>
          <octave>5</octave>
        </pitch>
        <duration>1</duration>
        <voice>1</voice>
        <type>eighth</type>
        <stem>down</stem>
      </note>
      <note default-x="38">
        <rest/>
        <duration>1</duration>
        <voice>1</voice>
        <type>eighth</type>
      </note>
      <note default-x="63">
        <pitch>
          <step>D</step>
          <octave>5</octave>
        </pitch>
        <duration>1</duration>
        <voice>1</voice>
        <type>eighth</type>
        <stem default-y="-45">down</stem>
        <notations>
          <technical>
            <fingering default-x="2" default-y="10" placement="above">2</fingering>
            <fingering default-x="1" default-y="10" placement="above">4</fingering>
          </technical>
        </notations>
      </note>
      <note default-x="63">
        <chord/>
        <pitch>
          <step>F</step>
          <octave>5</octave>
        </pitch>
        <duration>1</duration>
        <voice>1</voice>
        <type>eighth</type>
        <stem>down</stem>
      </note>
      <note default-x="88">
        <rest/>
        <duration>1</duration>
        <voice>1</voice>
        <type>eighth</type>
      </note>
      <note default-x="113">
        <pitch>
          <step>G</step>
          <octave>4</octave>
        </pitch>
        <duration>1</duration>
        <voice>1</voice>
        <type>eighth</type>
        <stem default-y="-65">down</stem>
        <notations>
          <technical>
            <fingering default-x="3" default-y="5" placement="above">1</fingering>
            <fingering default-x="2" default-y="5" placement="above">3</fingering>
            <fingering default-x="2" default-y="5" placement="above">5</fingering>
          </technical>
        </notations>
      </note>
      <note default-x="113">
        <chord/>
        <pitch>
          <step>C</step>
          <octave>5</octave>
        </pitch>
        <duration>1</duration>
        <voice>1</voice>
        <type>eighth</type>
        <stem>down</stem>
      </note>
      <note default-x="113">
        <chord/>
        <pitch>
          <step>E</step>
          <octave>5</octave>
        </pitch>
        <duration>1</duration>
        <voice>1</voice>
        <type>eighth</type>
        <stem>down</stem>
      </note>
      <note default-x="137">
        <rest/>
        <duration>1</duration>
        <voice>1</voice>
        <type>eighth</type>
      </note>
      <note default-x="162">
        <pitch>
          <step>F</step>
          <octave>4</octave>
        </pitch>
        <duration>1</duration>
        <voice>1</voice>
        <type>eighth</type>
        <stem default-y="-70">down</stem>
        <notations>
          <technical>
            <fingering default-x="2" default-y="3" placement="above">1</fingering>
            <fingering default-x="1" default-y="3" placement="above">3</fingering>
            <fingering default-x="2" default-y="3" placement="above">5</fingering>
          </technical>
        </notations>
      </note>
      <note default-x="162">
        <chord/>
        <pitch>
          <step>B</step>
          <octave>4</octave>
        </pitch>
        <duration>1</duration>
        <voice>1</voice>
        <type>eighth</type>
        <stem>down</stem>
      </note>
      <note default-x="162">
        <chord/>
        <pitch>
          <step>D</step>
          <octave>5</octave>
        </pitch>
        <duration>1</duration>
        <voice>1</voice>
        <type>eighth</type>
        <stem>down</stem>
      </note>
      <note default-x="187">
        <rest/>
        <duration>1</duration>
        <voice>1</voice>
        <type>eighth</type>
      </note>
    </measure>
    <!--=======================================================-->
    <measure number="9" width="207">
      <note default-x="17">
        <pitch>
          <step>E</step>
          <octave>4</octave>
        </pitch>
        <duration>1</duration>
        <voice>1</voice>
        <type>eighth</type>
        <stem default-y="21">up</stem>
        <notations>
          <technical>
            <fingering default-x="2" default-y="27" placement="above">1</fingering>
            <fingering default-x="1" default-y="27" placement="above">2</fingering>
            <fingering default-x="2" default-y="27" placement="above">5</fingering>
          </technical>
        </notations>
      </note>
      <note default-x="17">
        <chord/>
        <pitch>
          <step>G</step>
          <octave>4</octave>
        </pitch>
        <duration>1</duration>
        <voice>1</voice>
        <type>eighth</type>
        <stem>up</stem>
      </note>
      <note default-x="17">
        <chord/>
        <pitch>
          <step>C</step>
          <octave>5</octave>
        </pitch>
        <duration>1</duration>
        <voice>1</voice>
        <type>eighth</type>
        <stem>up</stem>
      </note>
      <note default-x="44">
        <rest/>
        <duration>1</duration>
        <voice>1</voice>
        <type>eighth</type>
      </note>
      <note default-x="70">
        <pitch>
          <step>E</step>
          <octave>4</octave>
        </pitch>
        <duration>1</duration>
        <voice>1</voice>
        <type>eighth</type>
        <stem default-y="21">up</stem>
        <notations>
          <technical>
            <fingering default-x="3" default-y="27" placement="above">1</fingering>
            <fingering default-x="2" default-y="27" placement="above">2</fingering>
            <fingering default-x="2" default-y="27" placement="above">5</fingering>
          </technical>
        </notations>
      </note>
      <note default-x="70">
        <chord/>
        <pitch>
          <step>G</step>
          <octave>4</octave>
        </pitch>
        <duration>1</duration>
        <voice>1</voice>
        <type>eighth</type>
        <stem>up</stem>
      </note>
      <note default-x="70">
        <chord/>
        <pitch>
          <step>C</step>
          <octave>5</octave>
        </pitch>
        <duration>1</duration>
        <voice>1</voice>
        <type>eighth</type>
        <stem>up</stem>
      </note>
      <note default-x="97">
        <rest/>
        <duration>1</duration>
        <voice>1</voice>
        <type>eighth</type>
      </note>
      <note default-x="124">
        <pitch>
          <step>E</step>
          <octave>4</octave>
        </pitch>
        <duration>3</duration>
        <voice>1</voice>
        <type>quarter</type>
        <dot/>
        <stem default-y="14">up</stem>
        <notations>
          <technical>
            <fingering default-x="3" default-y="19" placement="above">1</fingering>
            <fingering default-x="2" default-y="19" placement="above">5</fingering>
          </technical>
        </notations>
      </note>
      <note default-x="124">
        <chord/>
        <pitch>
          <step>C</step>
          <octave>5</octave>
        </pitch>
        <duration>3</duration>
        <voice>1</voice>
        <type>quarter</type>
        <dot/>
        <stem>up</stem>
      </note>
      <note default-x="180">
        <rest/>
        <duration>1</duration>
        <voice>1</voice>
        <type>eighth</type>
      </note>
    </measure>
    <!--=======================================================-->
    <measure number="10" width="213">
      <note default-x="14">
        <pitch>
          <step>G</step>
          <octave>4</octave>
        </pitch>
        <duration>1</duration>
        <voice>1</voice>
        <type>eighth</type>
        <stem default-y="-65">down</stem>
        <notations>
          <technical>
            <fingering default-x="3" default-y="10" placement="above">1</fingering>
            <fingering default-x="2" default-y="10" placement="above">3</fingering>
            <fingering default-x="2" default-y="10" placement="above">5</fingering>
          </technical>
        </notations>
      </note>
      <note default-x="14">
        <chord/>
        <pitch>
          <step>D</step>
          <octave>5</octave>
        </pitch>
        <duration>1</duration>
        <voice>1</voice>
        <type>eighth</type>
        <stem>down</stem>
      </note>
      <note default-x="14">
        <chord/>
        <pitch>
          <step>F</step>
          <octave>5</octave>
        </pitch>
        <duration>1</duration>
        <voice>1</voice>
        <type>eighth</type>
        <stem>down</stem>
      </note>
      <note default-x="39">
        <rest/>
        <duration>1</duration>
        <voice>1</voice>
        <type>eighth</type>
      </note>
      <note default-x="63">
        <pitch>
          <step>G</step>
          <octave>4</octave>
        </pitch>
        <duration>1</duration>
        <voice>1</voice>
        <type>eighth</type>
        <stem default-y="-65">down</stem>
        <notations>
          <technical>
            <fingering default-x="3" default-y="10" placement="above">1</fingering>
            <fingering default-x="2" default-y="10" placement="above">3</fingering>
            <fingering default-x="2" default-y="10" placement="above">5</fingering>
          </technical>
        </notations>
      </note>
      <note default-x="63">
        <chord/>
        <pitch>
          <step>D</step>
          <octave>5</octave>
        </pitch>
        <duration>1</duration>
        <voice>1</voice>
        <type>eighth</type>
        <stem>down</stem>
      </note>
      <note default-x="63">
        <chord/>
        <pitch>
          <step>F</step>
          <octave>5</octave>
        </pitch>
        <duration>1</duration>
        <voice>1</voice>
        <type>eighth</type>
        <stem>down</stem>
      </note>
      <note default-x="88">
        <rest/>
        <duration>1</duration>
        <voice>1</voice>
        <type>eighth</type>
      </note>
      <note default-x="113">
        <pitch>
          <step>G</step>
          <octave>4</octave>
        </pitch>
        <duration>1</duration>
        <voice>1</voice>
        <type>eighth</type>
        <stem default-y="-65">down</stem>
        <notations>
          <technical>
            <fingering default-x="3" default-y="10" placement="above">1</fingering>
            <fingering default-x="2" default-y="10" placement="above">3</fingering>
            <fingering default-x="2" default-y="10" placement="above">5</fingering>
          </technical>
        </notations>
      </note>
      <note default-x="113">
        <chord/>
        <pitch>
          <step>D</step>
          <octave>5</octave>
        </pitch>
        <duration>1</duration>
        <voice>1</voice>
        <type>eighth</type>
        <stem>down</stem>
      </note>
      <note default-x="113">
        <chord/>
        <pitch>
          <step>F</step>
          <octave>5</octave>
        </pitch>
        <duration>1</duration>
        <voice>1</voice>
        <type>eighth</type>
        <stem>down</stem>
      </note>
      <note default-x="138">
        <rest/>
        <duration>1</duration>
        <voice>1</voice>
        <type>eighth</type>
      </note>
      <note default-x="162">
        <pitch>
          <step>G</step>
          <octave>4</octave>
        </pitch>
        <duration>1</duration>
        <voice>1</voice>
        <type>eighth</type>
        <stem default-y="-65">down</stem>
        <notations>
          <technical>
            <fingering default-x="3" default-y="10" placement="above">1</fingering>
            <fingering default-x="2" default-y="10" placement="above">3</fingering>
            <fingering default-x="2" default-y="10" placement="above">5</fingering>
          </technical>
        </notations>
      </note>
      <note default-x="162">
        <chord/>
        <pitch>
          <step>D</step>
          <octave>5</octave>
        </pitch>
        <duration>1</duration>
        <voice>1</voice>
        <type>eighth</type>
        <stem>down</stem>
      </note>
      <note default-x="162">
        <chord/>
        <pitch>
          <step>F</step>
          <octave>5</octave>
        </pitch>
        <duration>1</duration>
        <voice>1</voice>
        <type>eighth</type>
        <stem>down</stem>
      </note>
      <note default-x="187">
        <rest/>
        <duration>1</duration>
        <voice>1</voice>
        <type>eighth</type>
      </note>
    </measure>
    <!--=======================================================-->
    <measure number="11" width="209">
      <print new-system="yes">
        <system-layout>
          <system-distance>114</system-distance>
        </system-layout>
      </print>
      <note default-x="54">
        <pitch>
          <step>G</step>
          <octave>4</octave>
        </pitch>
        <duration>6</duration>
        <voice>1</voice>
        <type>half</type>
        <dot/>
        <stem default-y="-58.5">down</stem>
        <notations>
          <technical>
            <fingering default-x="2" default-y="6" placement="above">1</fingering>
            <fingering default-x="1" default-y="6" placement="above">3</fingering>
            <fingering default-x="2" default-y="6" placement="above">5</fingering>
          </technical>
        </notations>
      </note>
      <note default-x="54">
        <chord/>
        <pitch>
          <step>C</step>
          <octave>5</octave>
        </pitch>
        <duration>6</duration>
        <voice>1</voice>
        <type>half</type>
        <dot/>
        <stem>down</stem>
      </note>
      <note default-x="54">
        <chord/>
        <pitch>
          <step>E</step>
          <octave>5</octave>
        </pitch>
        <duration>6</duration>
        <voice>1</voice>
        <type>half</type>
        <dot/>
        <stem>down</stem>
      </note>
      <note default-x="170">
        <rest/>
        <duration>2</duration>
        <voice>1</voice>
        <type>quarter</type>
      </note>
    </measure>
    <!--=======================================================-->
    <measure number="12" width="243">
      <note default-x="14">
        <pitch>
          <step>F</step>
          <octave>4</octave>
        </pitch>
        <duration>1</duration>
        <voice>1</voice>
        <type>eighth</type>
        <stem default-y="25">up</stem>
        <notations>
          <technical>
            <fingering default-x="2" default-y="32" placement="above">1</fingering>
            <fingering default-x="1" default-y="32" placement="above">2</fingering>
            <fingering default-x="2" default-y="32" placement="above">5</fingering>
          </technical>
        </notations>
      </note>
      <note default-x="26">
        <chord/>
        <pitch>
          <step>G</step>
          <octave>4</octave>
        </pitch>
        <duration>1</duration>
        <voice>1</voice>
        <type>eighth</type>
        <stem>up</stem>
      </note>
      <note default-x="14">
        <chord/>
        <pitch>
          <step>D</step>
          <octave>5</octave>
        </pitch>
        <duration>1</duration>
        <voice>1</voice>
        <type>eighth</type>
        <stem>up</stem>
      </note>
      <note default-x="44">
        <rest/>
        <duration>1</duration>
        <voice>1</voice>
        <type>eighth</type>
      </note>
      <note default-x="71">
        <pitch>
          <step>F</step>
          <octave>4</octave>
        </pitch>
        <duration>1</duration>
        <voice>1</voice>
        <type>eighth</type>
        <stem default-y="25">up</stem>
        <notations>
          <technical>
            <fingering default-x="3" default-y="32" placement="above">1</fingering>
            <fingering default-x="2" default-y="32" placement="above">2</fingering>
            <fingering default-x="2" default-y="32" placement="above">5</fingering>
          </technical>
        </notations>
      </note>
      <note default-x="83">
        <chord/>
        <pitch>
          <step>G</step>
          <octave>4</octave>
        </pitch>
        <duration>1</duration>
        <voice>1</voice>
        <type>eighth</type>
        <stem>up</stem>
      </note>
      <note default-x="71">
        <chord/>
        <pitch>
          <step>D</step>
          <octave>5</octave>
        </pitch>
        <duration>1</duration>
        <voice>1</voice>
        <type>eighth</type>
        <stem>up</stem>
      </note>
      <note default-x="101">
        <rest/>
        <duration>1</duration>
        <voice>1</voice>
        <type>eighth</type>
      </note>
      <note default-x="128">
        <pitch>
          <step>F</step>
          <octave>4</octave>
        </pitch>
        <duration>1</duration>
        <voice>1</voice>
        <type>eighth</type>
        <stem default-y="25">up</stem>
        <notations>
          <technical>
            <fingering default-x="3" default-y="32" placement="above">1</fingering>
            <fingering default-x="2" default-y="32" placement="above">2</fingering>
            <fingering default-x="3" default-y="32" placement="above">5</fingering>
          </technical>
        </notations>
      </note>
      <note default-x="140">
        <chord/>
        <pitch>
          <step>G</step>
          <octave>4</octave>
        </pitch>
        <duration>1</duration>
        <voice>1</voice>
        <type>eighth</type>
        <stem>up</stem>
      </note>
      <note default-x="128">
        <chord/>
        <pitch>
          <step>D</step>
          <octave>5</octave>
        </pitch>
        <duration>1</duration>
        <voice>1</voice>
        <type>eighth</type>
        <stem>up</stem>
      </note>
      <note default-x="158">
        <rest/>
        <duration>1</duration>
        <voice>1</voice>
        <type>eighth</type>
      </note>
      <note default-x="185">
        <pitch>
          <step>F</step>
          <octave>4</octave>
        </pitch>
        <duration>1</duration>
        <voice>1</voice>
        <type>eighth</type>
        <stem default-y="25">up</stem>
        <notations>
          <technical>
            <fingering default-x="3" default-y="32" placement="above">1</fingering>
            <fingering default-x="2" default-y="32" placement="above">2</fingering>
            <fingering default-x="2" default-y="32" placement="above">5</fingering>
          </technical>
        </notations>
      </note>
      <note default-x="197">
        <chord/>
        <pitch>
          <step>G</step>
          <octave>4</octave>
        </pitch>
        <duration>1</duration>
        <voice>1</voice>
        <type>eighth</type>
        <stem>up</stem>
      </note>
      <note default-x="185">
        <chord/>
        <pitch>
          <step>D</step>
          <octave>5</octave>
        </pitch>
        <duration>1</duration>
        <voice>1</voice>
        <type>eighth</type>
        <stem>up</stem>
      </note>
      <note default-x="215">
        <rest/>
        <duration>1</duration>
        <voice>1</voice>
        <type>eighth</type>
      </note>
    </measure>
    <!--=======================================================-->
    <measure number="13" width="169">
      <note default-x="13">
        <pitch>
          <step>E</step>
          <octave>4</octave>
        </pitch>
        <duration>6</duration>
        <voice>1</voice>
        <type>half</type>
        <dot/>
        <stem default-y="14">up</stem>
        <notations>
          <technical>
            <fingering default-x="3" default-y="19" placement="above">1</fingering>
            <fingering default-x="2" default-y="19" placement="above">2</fingering>
            <fingering default-x="2" default-y="19" placement="above">5</fingering>
          </technical>
        </notations>
      </note>
      <note default-x="13">
        <chord/>
        <pitch>
          <step>G</step>
          <octave>4</octave>
        </pitch>
        <duration>6</duration>
        <voice>1</voice>
        <type>half</type>
        <dot/>
        <stem>up</stem>
      </note>
      <note default-x="13">
        <chord/>
        <pitch>
          <step>C</step>
          <octave>5</octave>
        </pitch>
        <duration>6</duration>
        <voice>1</voice>
        <type>half</type>
        <dot/>
        <stem>up</stem>
      </note>
      <note default-x="129">
        <rest/>
        <duration>2</duration>
        <voice>1</voice>
        <type>quarter</type>
      </note>
    </measure>
    <!--=======================================================-->
    <measure number="14" width="209">
      <note default-x="17">
        <pitch>
          <step>F</step>
          <octave>5</octave>
        </pitch>
        <duration>1</duration>
        <voice>1</voice>
        <type>eighth</type>
        <stem default-y="-35.5">down</stem>
        <notations>
          <technical>
            <fingering default-x="2" default-y="20" placement="above">3</fingering>
            <fingering default-x="2" default-y="20" placement="above">5</fingering>
          </technical>
        </notations>
      </note>
      <note default-x="17">
        <chord/>
        <pitch>
          <step>A</step>
          <octave>5</octave>
        </pitch>
        <duration>1</duration>
        <voice>1</voice>
        <type>eighth</type>
        <stem>down</stem>
      </note>
      <note default-x="41">
        <rest/>
        <duration>1</duration>
        <voice>1</voice>
        <type>eighth</type>
      </note>
      <note default-x="64">
        <pitch>
          <step>F</step>
          <octave>5</octave>
        </pitch>
        <duration>1</duration>
        <voice>1</voice>
        <type>eighth</type>
        <stem default-y="-35.5">down</stem>
        <notations>
          <technical>
            <fingering default-x="2" default-y="20" placement="above">3</fingering>
            <fingering default-x="2" default-y="20" placement="above">5</fingering>
          </technical>
        </notations>
      </note>
      <note default-x="64">
        <chord/>
        <pitch>
          <step>A</step>
          <octave>5</octave>
        </pitch>
        <duration>1</duration>
        <voice>1</voice>
        <type>eighth</type>
        <stem>down</stem>
      </note>
      <note default-x="89">
        <rest/>
        <duration>1</duration>
        <voice>1</voice>
        <type>eighth</type>
      </note>
      <note default-x="112">
        <pitch>
          <step>F</step>
          <octave>5</octave>
        </pitch>
        <duration>1</duration>
        <voice>1</voice>
        <type>eighth</type>
        <stem default-y="-35.5">down</stem>
        <notations>
          <technical>
            <fingering default-x="2" default-y="20" placement="above">3</fingering>
            <fingering default-x="2" default-y="20" placement="above">5</fingering>
          </technical>
        </notations>
      </note>
      <note default-x="112">
        <chord/>
        <pitch>
          <step>A</step>
          <octave>5</octave>
        </pitch>
        <duration>1</duration>
        <voice>1</voice>
        <type>eighth</type>
        <stem>down</stem>
      </note>
      <note default-x="136">
        <rest/>
        <duration>1</duration>
        <voice>1</voice>
        <type>eighth</type>
      </note>
      <note default-x="160">
        <pitch>
          <step>F</step>
          <octave>5</octave>
        </pitch>
        <duration>1</duration>
        <voice>1</voice>
        <type>eighth</type>
        <stem default-y="-35.5">down</stem>
        <notations>
          <technical>
            <fingering default-x="2" default-y="20" placement="above">3</fingering>
            <fingering default-x="2" default-y="20" placement="above">5</fingering>
          </technical>
        </notations>
      </note>
      <note default-x="160">
        <chord/>
        <pitch>
          <step>A</step>
          <octave>5</octave>
        </pitch>
        <duration>1</duration>
        <voice>1</voice>
        <type>eighth</type>
        <stem>down</stem>
      </note>
      <note default-x="184">
        <rest/>
        <duration>1</duration>
        <voice>1</voice>
        <type>eighth</type>
      </note>
    </measure>
    <!--=======================================================-->
    <measure number="15" width="231">
      <note default-x="14">
        <pitch>
          <step>E</step>
          <octave>5</octave>
        </pitch>
        <duration>3</duration>
        <voice>1</voice>
        <type>quarter</type>
        <dot/>
        <stem default-y="-40.5">down</stem>
        <notations>
          <technical>
            <fingering default-x="2" default-y="15" placement="above">2</fingering>
            <fingering default-x="1" default-y="15" placement="above">4</fingering>
          </technical>
        </notations>
      </note>
      <note default-x="14">
        <chord/>
        <pitch>
          <step>G</step>
          <octave>5</octave>
        </pitch>
        <duration>3</duration>
        <voice>1</voice>
        <type>quarter</type>
        <dot/>
        <stem>down</stem>
      </note>
      <note default-x="96">
        <rest/>
        <duration>1</duration>
        <voice>1</voice>
        <type>eighth</type>
      </note>
      <note default-x="122">
        <pitch>
          <step>A</step>
          <octave>4</octave>
        </pitch>
        <duration>1</duration>
        <voice>1</voice>
        <type>eighth</type>
        <stem default-y="-60.5">down</stem>
        <notations>
          <technical>
            <fingering default-x="2" default-y="10" placement="above">1</fingering>
            <fingering default-x="1" default-y="10" placement="above">3</fingering>
            <fingering default-x="2" default-y="10" placement="above">5</fingering>
          </technical>
        </notations>
      </note>
      <note default-x="122">
        <chord/>
        <pitch>
          <step>D</step>
          <octave>5</octave>
        </pitch>
        <duration>1</duration>
        <voice>1</voice>
        <type>eighth</type>
        <stem>down</stem>
      </note>
      <note default-x="122">
        <chord/>
        <pitch>
          <step>F</step>
          <octave>5</octave>
        </pitch>
        <duration>1</duration>
        <voice>1</voice>
        <type>eighth</type>
        <stem>down</stem>
      </note>
      <note default-x="149">
        <rest/>
        <duration>1</duration>
        <voice>1</voice>
        <type>eighth</type>
      </note>
      <note default-x="176">
        <pitch>
          <step>A</step>
          <octave>4</octave>
        </pitch>
        <duration>1</duration>
        <voice>1</voice>
        <type>eighth</type>
        <stem default-y="-60.5">down</stem>
        <notations>
          <technical>
            <fingering default-x="3" default-y="10" placement="above">1</fingering>
            <fingering default-x="2" default-y="10" placement="above">3</fingering>
            <fingering default-x="2" default-y="10" placement="above">5</fingering>
          </technical>
        </notations>
      </note>
      <note default-x="176">
        <chord/>
        <pitch>
          <step>D</step>
          <octave>5</octave>
        </pitch>
        <duration>1</duration>
        <voice>1</voice>
        <type>eighth</type>
        <stem>down</stem>
      </note>
      <note default-x="176">
        <chord/>
        <pitch>
          <step>F</step>
          <octave>5</octave>
        </pitch>
        <duration>1</duration>
        <voice>1</voice>
        <type>eighth</type>
        <stem>down</stem>
      </note>
      <note default-x="203">
        <rest/>
        <duration>1</duration>
        <voice>1</voice>
        <type>eighth</type>
      </note>
    </measure>
    <!--=======================================================-->
    <measure number="16" width="578">
      <print new-system="yes">
        <system-layout>
          <system-distance>114</system-distance>
        </system-layout>
      </print>
      <note default-x="53">
        <pitch>
          <step>G</step>
          <octave>4</octave>
        </pitch>
        <duration>1</duration>
        <voice>1</voice>
        <type>eighth</type>
        <stem default-y="-65">down</stem>
        <notations>
          <technical>
            <fingering default-x="3" default-y="5" placement="above">1</fingering>
            <fingering default-x="2" default-y="5" placement="above">3</fingering>
            <fingering default-x="3" default-y="5" placement="above">5</fingering>
          </technical>
        </notations>
      </note>
      <note default-x="53">
        <chord/>
        <pitch>
          <step>C</step>
          <octave>5</octave>
        </pitch>
        <duration>1</duration>
        <voice>1</voice>
        <type>eighth</type>
        <stem>down</stem>
      </note>
      <note default-x="53">
        <chord/>
        <pitch>
          <step>E</step>
          <octave>5</octave>
        </pitch>
        <duration>1</duration>
        <voice>1</voice>
        <type>eighth</type>
        <stem>down</stem>
      </note>
      <note default-x="119">
        <rest/>
        <duration>1</duration>
        <voice>1</voice>
        <type>eighth</type>
      </note>
      <note default-x="184">
        <pitch>
          <step>G</step>
          <octave>4</octave>
        </pitch>
        <duration>1</duration>
        <voice>1</voice>
        <type>eighth</type>
        <stem default-y="-65">down</stem>
        <notations>
          <technical>
            <fingering default-x="3" default-y="5" placement="above">1</fingering>
            <fingering default-x="2" default-y="5" placement="above">3</fingering>
            <fingering default-x="2" default-y="5" placement="above">5</fingering>
          </technical>
        </notations>
      </note>
      <note default-x="184">
        <chord/>
        <pitch>
          <step>C</step>
          <octave>5</octave>
        </pitch>
        <duration>1</duration>
        <voice>1</voice>
        <type>eighth</type>
        <stem>down</stem>
      </note>
      <note default-x="184">
        <chord/>
        <pitch>
          <step>E</step>
          <octave>5</octave>
        </pitch>
        <duration>1</duration>
        <voice>1</voice>
        <type>eighth</type>
        <stem>down</stem>
      </note>
      <note default-x="250">
        <rest/>
        <duration>1</duration>
        <voice>1</voice>
        <type>eighth</type>
      </note>
      <note default-x="315">
        <pitch>
          <step>F</step>
          <octave>4</octave>
        </pitch>
        <duration>1</duration>
        <voice>1</voice>
        <type>eighth</type>
        <stem default-y="25.5">up</stem>
        <notations>
          <technical>
            <fingering default-x="3" default-y="32" placement="above">1</fingering>
            <fingering default-x="2" default-y="32" placement="above">3</fingering>
            <fingering default-x="2" default-y="32" placement="above">5</fingering>
          </technical>
        </notations>
      </note>
      <note default-x="315">
        <chord/>
        <pitch>
          <step>B</step>
          <octave>4</octave>
        </pitch>
        <duration>1</duration>
        <voice>1</voice>
        <type>eighth</type>
        <stem>up</stem>
      </note>
      <note default-x="315">
        <chord/>
        <pitch>
          <step>D</step>
          <octave>5</octave>
        </pitch>
        <duration>1</duration>
        <voice>1</voice>
        <type>eighth</type>
        <stem>up</stem>
      </note>
      <note default-x="381">
        <rest/>
        <duration>1</duration>
        <voice>1</voice>
        <type>eighth</type>
      </note>
      <note default-x="446">
        <pitch>
          <step>F</step>
          <octave>4</octave>
        </pitch>
        <duration>1</duration>
        <voice>1</voice>
        <type>eighth</type>
        <stem default-y="25.5">up</stem>
        <notations>
          <technical>
            <fingering default-x="3" default-y="32" placement="above">1</fingering>
            <fingering default-x="2" default-y="32" placement="above">3</fingering>
            <fingering default-x="2" default-y="32" placement="above">5</fingering>
          </technical>
        </notations>
      </note>
      <note default-x="446">
        <chord/>
        <pitch>
          <step>B</step>
          <octave>4</octave>
        </pitch>
        <duration>1</duration>
        <voice>1</voice>
        <type>eighth</type>
        <stem>up</stem>
      </note>
      <note default-x="446">
        <chord/>
        <pitch>
          <step>D</step>
          <octave>5</octave>
        </pitch>
        <duration>1</duration>
        <voice>1</voice>
        <type>eighth</type>
        <stem>up</stem>
      </note>
      <note default-x="512">
        <rest/>
        <duration>1</duration>
        <voice>1</voice>
        <type>eighth</type>
      </note>
    </measure>
    <!--=======================================================-->
    <measure number="17" width="482">
      <note default-x="14">
        <pitch>
          <step>E</step>
          <octave>4</octave>
        </pitch>
        <duration>6</duration>
        <tie type="start"/>
        <voice>1</voice>
        <type>half</type>
        <dot/>
        <stem default-y="14">up</stem>
        <notations>
          <tied type="start"/>
          <technical>
            <fingering default-x="3" default-y="19" placement="above">1</fingering>
            <fingering default-x="2" default-y="19" placement="above">5</fingering>
          </technical>
        </notations>
      </note>
      <note default-x="14">
        <chord/>
        <pitch>
          <step>C</step>
          <octave>5</octave>
        </pitch>
        <duration>6</duration>
        <tie type="start"/>
        <voice>1</voice>
        <type>half</type>
        <dot/>
        <stem>up</stem>
        <notations>
          <tied type="start"/>
        </notations>
      </note>
      <note default-x="352">
        <pitch>
          <step>E</step>
          <octave>4</octave>
        </pitch>
        <duration>1</duration>
        <tie type="stop"/>
        <voice>1</voice>
        <type>eighth</type>
        <stem default-y="21">up</stem>
        <notations>
          <tied type="stop"/>
          <technical>
            <fingering default-x="3" default-y="27" placement="above">1</fingering>
            <fingering default-x="2" default-y="27" placement="above">5</fingering>
          </technical>
        </notations>
      </note>
      <note default-x="352">
        <chord/>
        <pitch>
          <step>C</step>
          <octave>5</octave>
        </pitch>
        <duration>1</duration>
        <tie type="stop"/>
        <voice>1</voice>
        <type>eighth</type>
        <stem>up</stem>
        <notations>
          <tied type="stop"/>
        </notations>
      </note>
      <note default-x="412">
        <rest/>
        <duration>1</duration>
        <voice>1</voice>
        <type>eighth</type>
      </note>
      <barline location="right">
        <bar-style>light-heavy</bar-style>
      </barline>
    </measure>
  </part>
  <!--=========================================================-->
  <part id="P2">
    <measure number="1" width="189">
      <print>
        <measure-numbering>none</measure-numbering>
      </print>
      <attributes>
        <divisions>2</divisions>
        <key>
          <fifths>0</fifths>
          <mode>major</mode>
        </key>
        <time>
          <beats>4</beats>
          <beat-type>4</beat-type>
        </time>
        <clef>
          <sign>F</sign>
          <line>4</line>
        </clef>
      </attributes>
      <sound tempo="120"/>
      <note>
        <rest measure="yes"/>
        <duration>8</duration>
        <voice>1</voice>
      </note>
    </measure>
    <!--=======================================================-->
    <measure number="2" width="235">
      <note default-x="14">
        <pitch>
          <step>C</step>
          <octave>3</octave>
        </pitch>
        <duration>2</duration>
        <voice>1</voice>
        <type>quarter</type>
        <stem default-y="10.5">up</stem>
        <notations>
          <technical>
            <fingering default-x="2" default-y="15" placement="above">5</fingering>
          </technical>
        </notations>
      </note>
      <note default-x="69">
        <pitch>
          <step>E</step>
          <octave>3</octave>
        </pitch>
        <duration>2</duration>
        <voice>1</voice>
        <type>quarter</type>
        <stem default-y="-50">down</stem>
        <notations>
          <technical>
            <fingering default-x="2" default-y="-7" placement="above">3</fingering>
          </technical>
        </notations>
      </note>
      <note default-x="124">
        <pitch>
          <step>G</step>
          <octave>3</octave>
        </pitch>
        <duration>2</duration>
        <voice>1</voice>
        <type>quarter</type>
        <stem default-y="-40.5">down</stem>
        <notations>
          <technical>
            <fingering default-x="3" default-y="5" placement="above">1</fingering>
          </technical>
        </notations>
      </note>
      <note default-x="179">
        <pitch>
          <step>E</step>
          <octave>3</octave>
        </pitch>
        <duration>2</duration>
        <voice>1</voice>
        <type>quarter</type>
        <stem default-y="-50">down</stem>
        <notations>
          <technical>
            <fingering default-x="2" default-y="-7" placement="above">3</fingering>
          </technical>
        </notations>
      </note>
    </measure>
    <!--=======================================================-->
    <measure number="3" width="173">
      <note default-x="14">
        <pitch>
          <step>C</step>
          <octave>3</octave>
        </pitch>
        <duration>2</duration>
        <voice>1</voice>
        <type>quarter</type>
        <stem default-y="10.5">up</stem>
        <notations>
          <technical>
            <fingering default-x="2" default-y="15" placement="above">5</fingering>
          </technical>
        </notations>
      </note>
      <note default-x="53">
        <pitch>
          <step>G</step>
          <octave>3</octave>
        </pitch>
        <duration>2</duration>
        <voice>1</voice>
        <type>quarter</type>
        <stem default-y="-40.5">down</stem>
        <notations>
          <technical>
            <fingering default-x="2" default-y="5" placement="above">1</fingering>
          </technical>
        </notations>
      </note>
      <note default-x="92">
        <pitch>
          <step>E</step>
          <octave>3</octave>
        </pitch>
        <duration>2</duration>
        <voice>1</voice>
        <type>quarter</type>
        <stem default-y="-50">down</stem>
        <notations>
          <technical>
            <fingering default-x="2" default-y="-7" placement="above">3</fingering>
          </technical>
        </notations>
      </note>
      <note default-x="132">
        <pitch>
          <step>C</step>
          <octave>3</octave>
        </pitch>
        <duration>2</duration>
        <voice>1</voice>
        <type>quarter</type>
        <stem default-y="10.5">up</stem>
        <notations>
          <technical>
            <fingering default-x="1" default-y="15" placement="above">4</fingering>
          </technical>
        </notations>
      </note>
    </measure>
    <!--=======================================================-->
    <measure number="4" width="210">
      <note default-x="14">
        <pitch>
          <step>G</step>
          <octave>2</octave>
        </pitch>
        <duration>2</duration>
        <voice>1</voice>
        <type>quarter</type>
        <stem default-y="-4.5">up</stem>
        <notations>
          <technical>
            <fingering default-x="2" default-y="3" placement="above">5</fingering>
          </technical>
        </notations>
      </note>
      <note default-x="63">
        <pitch>
          <step>B</step>
          <octave>2</octave>
        </pitch>
        <duration>2</duration>
        <voice>1</voice>
        <type>quarter</type>
        <stem default-y="6">up</stem>
        <notations>
          <technical>
            <fingering default-x="2" default-y="10" placement="above">3</fingering>
          </technical>
        </notations>
      </note>
      <note default-x="112">
        <pitch>
          <step>D</step>
          <octave>3</octave>
        </pitch>
        <duration>2</duration>
        <voice>1</voice>
        <type>quarter</type>
        <stem default-y="-55">down</stem>
        <notations>
          <technical>
            <fingering default-x="3" default-y="-7" placement="above">1</fingering>
          </technical>
        </notations>
      </note>
      <note default-x="161">
        <pitch>
          <step>B</step>
          <octave>2</octave>
        </pitch>
        <duration>2</duration>
        <voice>1</voice>
        <type>quarter</type>
        <stem default-y="6">up</stem>
        <notations>
          <technical>
            <fingering default-x="2" default-y="10" placement="above">3</fingering>
          </technical>
        </notations>
      </note>
    </measure>
    <!--=======================================================-->
    <measure number="5" width="182">
      <note default-x="14">
        <pitch>
          <step>G</step>
          <octave>2</octave>
        </pitch>
        <duration>2</duration>
        <voice>1</voice>
        <type>quarter</type>
        <stem default-y="-4.5">up</stem>
        <notations>
          <technical>
            <fingering default-x="2" default-y="3" placement="above">5</fingering>
          </technical>
        </notations>
      </note>
      <note default-x="54">
        <pitch>
          <step>B</step>
          <octave>2</octave>
        </pitch>
        <duration>2</duration>
        <voice>1</voice>
        <type>quarter</type>
        <stem default-y="6">up</stem>
        <notations>
          <technical>
            <fingering default-x="2" default-y="10" placement="above">3</fingering>
          </technical>
        </notations>
      </note>
      <note default-x="93">
        <pitch>
          <step>D</step>
          <octave>3</octave>
        </pitch>
        <duration>2</duration>
        <voice>1</voice>
        <type>quarter</type>
        <stem default-y="-55">down</stem>
        <notations>
          <technical>
            <fingering default-x="2" default-y="-7" placement="above">2</fingering>
          </technical>
        </notations>
      </note>
      <note default-x="132">
        <pitch>
          <step>G</step>
          <octave>3</octave>
        </pitch>
        <duration>2</duration>
        <voice>1</voice>
        <type>quarter</type>
        <stem default-y="-40.5">down</stem>
        <notations>
          <technical>
            <fingering default-x="3" default-y="5" placement="above">1</fingering>
          </technical>
        </notations>
      </note>
    </measure>
    <!--=======================================================-->
    <measure number="6" width="252">
      <print new-system="yes"/>
      <note default-x="53">
        <pitch>
          <step>C</step>
          <octave>3</octave>
        </pitch>
        <duration>2</duration>
        <voice>1</voice>
        <type>quarter</type>
        <stem default-y="10">up</stem>
        <notations>
          <technical>
            <fingering default-x="3" default-y="15" placement="above">5</fingering>
          </technical>
        </notations>
      </note>
      <note default-x="103">
        <pitch>
          <step>E</step>
          <octave>3</octave>
        </pitch>
        <duration>2</duration>
        <voice>1</voice>
        <type>quarter</type>
        <stem default-y="-50.5">down</stem>
        <notations>
          <technical>
            <fingering default-x="2" default-y="-7" placement="above">3</fingering>
          </technical>
        </notations>
      </note>
      <note default-x="153">
        <pitch>
          <step>G</step>
          <octave>3</octave>
        </pitch>
        <duration>2</duration>
        <voice>1</voice>
        <type>quarter</type>
        <stem default-y="-40">down</stem>
        <notations>
          <technical>
            <fingering default-x="3" default-y="5" placement="above">1</fingering>
          </technical>
        </notations>
      </note>
      <note default-x="202">
        <pitch>
          <step>E</step>
          <octave>3</octave>
        </pitch>
        <duration>2</duration>
        <voice>1</voice>
        <type>quarter</type>
        <stem default-y="-50.5">down</stem>
        <notations>
          <technical>
            <fingering default-x="2" default-y="-7" placement="above">3</fingering>
          </technical>
        </notations>
      </note>
    </measure>
    <!--=======================================================-->
    <measure number="7" width="175">
      <note default-x="14">
        <pitch>
          <step>C</step>
          <octave>3</octave>
        </pitch>
        <duration>2</duration>
        <voice>1</voice>
        <type>quarter</type>
        <stem default-y="10">up</stem>
        <notations>
          <technical>
            <fingering default-x="2" default-y="15" placement="above">5</fingering>
          </technical>
        </notations>
      </note>
      <note default-x="54">
        <pitch>
          <step>E</step>
          <octave>3</octave>
        </pitch>
        <duration>2</duration>
        <voice>1</voice>
        <type>quarter</type>
        <stem default-y="-50.5">down</stem>
        <notations>
          <technical>
            <fingering default-x="1" default-y="-7" placement="above">3</fingering>
          </technical>
        </notations>
      </note>
      <note default-x="94">
        <pitch>
          <step>G</step>
          <octave>3</octave>
        </pitch>
        <duration>2</duration>
        <voice>1</voice>
        <type>quarter</type>
        <stem default-y="-40">down</stem>
        <notations>
          <technical>
            <fingering default-x="2" default-y="5" placement="above">2</fingering>
          </technical>
        </notations>
      </note>
      <note default-x="134">
        <pitch>
          <step>C</step>
          <octave>4</octave>
        </pitch>
        <duration>2</duration>
        <voice>1</voice>
        <type>quarter</type>
        <stem default-y="-25.5">down</stem>
        <notations>
          <technical>
            <fingering default-x="3" default-y="20" placement="above">1</fingering>
          </technical>
        </notations>
      </note>
    </measure>
    <!--=======================================================-->
    <measure number="8" width="213">
      <note default-x="14">
        <pitch>
          <step>G</step>
          <octave>3</octave>
        </pitch>
        <duration>1</duration>
        <voice>1</voice>
        <type>eighth</type>
        <stem default-y="-40">down</stem>
        <notations>
          <technical>
            <fingering default-x="2" default-y="5" placement="above">2</fingering>
          </technical>
        </notations>
      </note>
      <note default-x="38">
        <rest/>
        <duration>1</duration>
        <voice>1</voice>
        <type>eighth</type>
      </note>
      <note default-x="63">
        <pitch>
          <step>G</step>
          <octave>3</octave>
        </pitch>
        <duration>1</duration>
        <voice>1</voice>
        <type>eighth</type>
        <stem default-y="-40">down</stem>
        <notations>
          <technical>
            <fingering default-x="2" default-y="5" placement="above">2</fingering>
          </technical>
        </notations>
      </note>
      <note default-x="88">
        <rest/>
        <duration>1</duration>
        <voice>1</voice>
        <type>eighth</type>
      </note>
      <note default-x="113">
        <pitch>
          <step>G</step>
          <octave>3</octave>
        </pitch>
        <duration>1</duration>
        <voice>1</voice>
        <type>eighth</type>
        <stem default-y="-40">down</stem>
        <notations>
          <technical>
            <fingering default-x="2" default-y="5" placement="above">2</fingering>
          </technical>
        </notations>
      </note>
      <note default-x="137">
        <rest/>
        <duration>1</duration>
        <voice>1</voice>
        <type>eighth</type>
      </note>
      <note default-x="162">
        <pitch>
          <step>G</step>
          <octave>3</octave>
        </pitch>
        <duration>1</duration>
        <voice>1</voice>
        <type>eighth</type>
        <stem default-y="-40">down</stem>
        <notations>
          <technical>
            <fingering default-x="1" default-y="5" placement="above">2</fingering>
          </technical>
        </notations>
      </note>
      <note default-x="187">
        <rest/>
        <duration>1</duration>
        <voice>1</voice>
        <type>eighth</type>
      </note>
    </measure>
    <!--=======================================================-->
    <measure number="9" width="207">
      <note default-x="17">
        <pitch>
          <step>C</step>
          <octave>4</octave>
        </pitch>
        <duration>1</duration>
        <voice>1</voice>
        <type>eighth</type>
        <stem default-y="-25.5">down</stem>
        <notations>
          <technical>
            <fingering default-x="2" default-y="20" placement="above">1</fingering>
          </technical>
        </notations>
      </note>
      <note default-x="44">
        <rest/>
        <duration>1</duration>
        <voice>1</voice>
        <type>eighth</type>
      </note>
      <note default-x="70">
        <pitch>
          <step>G</step>
          <octave>3</octave>
        </pitch>
        <duration>1</duration>
        <voice>1</voice>
        <type>eighth</type>
        <stem default-y="-40">down</stem>
        <notations>
          <technical>
            <fingering default-x="2" default-y="5" placement="above">2</fingering>
          </technical>
        </notations>
      </note>
      <note default-x="97">
        <rest/>
        <duration>1</duration>
        <voice>1</voice>
        <type>eighth</type>
      </note>
      <note default-x="124">
        <pitch>
          <step>C</step>
          <octave>3</octave>
        </pitch>
        <duration>3</duration>
        <voice>1</voice>
        <type>quarter</type>
        <dot/>
        <stem default-y="10">up</stem>
        <notations>
          <technical>
            <fingering default-x="2" default-y="15" placement="above">5</fingering>
          </technical>
        </notations>
      </note>
      <note default-x="180">
        <rest/>
        <duration>1</duration>
        <voice>1</voice>
        <type>eighth</type>
      </note>
    </measure>
    <!--=======================================================-->
    <measure number="10" width="213">
      <note default-x="14">
        <pitch>
          <step>G</step>
          <octave>2</octave>
        </pitch>
        <duration>2</duration>
        <voice>1</voice>
        <type>quarter</type>
        <stem default-y="-4">up</stem>
        <notations>
          <technical>
            <fingering default-x="2" default-y="3" placement="above">5</fingering>
          </technical>
        </notations>
      </note>
      <note default-x="63">
        <pitch>
          <step>B</step>
          <octave>2</octave>
        </pitch>
        <duration>2</duration>
        <voice>1</voice>
        <type>quarter</type>
        <stem default-y="5.5">up</stem>
        <notations>
          <technical>
            <fingering default-x="2" default-y="10" placement="above">3</fingering>
          </technical>
        </notations>
      </note>
      <note default-x="113">
        <pitch>
          <step>D</step>
          <octave>3</octave>
        </pitch>
        <duration>2</duration>
        <voice>1</voice>
        <type>quarter</type>
        <stem default-y="-55">down</stem>
        <notations>
          <technical>
            <fingering default-x="2" default-y="-7" placement="above">2</fingering>
          </technical>
        </notations>
      </note>
      <note default-x="162">
        <pitch>
          <step>B</step>
          <octave>2</octave>
        </pitch>
        <duration>2</duration>
        <voice>1</voice>
        <type>quarter</type>
        <stem default-y="5.5">up</stem>
        <notations>
          <technical>
            <fingering default-x="3" default-y="10" placement="above">1</fingering>
          </technical>
        </notations>
      </note>
    </measure>
    <!--=======================================================-->
    <measure number="11" width="209">
      <print new-system="yes"/>
      <note default-x="53">
        <pitch>
          <step>C</step>
          <octave>3</octave>
        </pitch>
        <duration>2</duration>
        <voice>1</voice>
        <type>quarter</type>
        <stem default-y="10.5">up</stem>
        <notations>
          <technical>
            <fingering default-x="2" default-y="15" placement="above">3</fingering>
          </technical>
        </notations>
      </note>
      <note default-x="93">
        <pitch>
          <step>G</step>
          <octave>2</octave>
        </pitch>
        <duration>2</duration>
        <voice>1</voice>
        <type>quarter</type>
        <stem default-y="-4.5">up</stem>
        <notations>
          <technical>
            <fingering default-x="1" default-y="3" placement="above">2</fingering>
          </technical>
        </notations>
      </note>
      <note default-x="131">
        <pitch>
          <step>C</step>
          <octave>3</octave>
        </pitch>
        <duration>2</duration>
        <voice>1</voice>
        <type>quarter</type>
        <stem default-y="10.5">up</stem>
        <notations>
          <technical>
            <fingering default-x="2" default-y="15" placement="above">5</fingering>
          </technical>
        </notations>
      </note>
      <note default-x="170">
        <pitch>
          <step>E</step>
          <octave>3</octave>
        </pitch>
        <duration>2</duration>
        <voice>1</voice>
        <type>quarter</type>
        <stem default-y="-50">down</stem>
        <notations>
          <technical>
            <fingering default-x="2" default-y="-7" placement="above">2</fingering>
          </technical>
        </notations>
      </note>
    </measure>
    <!--=======================================================-->
    <measure number="12" width="243">
      <note default-x="14">
        <pitch>
          <step>G</step>
          <octave>3</octave>
        </pitch>
        <duration>2</duration>
        <voice>1</voice>
        <type>quarter</type>
        <stem default-y="-40.5">down</stem>
        <notations>
          <technical>
            <fingering default-x="2" default-y="5" placement="above">1</fingering>
          </technical>
        </notations>
      </note>
      <note default-x="71">
        <pitch>
          <step>D</step>
          <octave>3</octave>
        </pitch>
        <duration>2</duration>
        <voice>1</voice>
        <type>quarter</type>
        <stem default-y="-55">down</stem>
        <notations>
          <technical>
            <fingering default-x="2" default-y="-7" placement="above">2</fingering>
          </technical>
        </notations>
      </note>
      <note default-x="128">
        <pitch>
          <step>B</step>
          <octave>2</octave>
        </pitch>
        <duration>2</duration>
        <voice>1</voice>
        <type>quarter</type>
        <stem default-y="6">up</stem>
        <notations>
          <technical>
            <fingering default-x="2" default-y="10" placement="above">3</fingering>
          </technical>
        </notations>
      </note>
      <note default-x="185">
        <pitch>
          <step>G</step>
          <octave>2</octave>
        </pitch>
        <duration>2</duration>
        <voice>1</voice>
        <type>quarter</type>
        <stem default-y="-4.5">up</stem>
        <notations>
          <technical>
            <fingering default-x="2" default-y="3" placement="above">5</fingering>
          </technical>
        </notations>
      </note>
    </measure>
    <!--=======================================================-->
    <measure number="13" width="169">
      <note default-x="13">
        <pitch>
          <step>C</step>
          <octave>3</octave>
        </pitch>
        <duration>2</duration>
        <voice>1</voice>
        <type>quarter</type>
        <stem default-y="10.5">up</stem>
        <notations>
          <technical>
            <fingering default-x="2" default-y="15" placement="above">5</fingering>
          </technical>
        </notations>
      </note>
      <note default-x="52">
        <pitch>
          <step>G</step>
          <octave>3</octave>
        </pitch>
        <duration>2</duration>
        <voice>1</voice>
        <type>quarter</type>
        <stem default-y="-40.5">down</stem>
        <notations>
          <technical>
            <fingering default-x="3" default-y="5" placement="above">1</fingering>
          </technical>
        </notations>
      </note>
      <note default-x="91">
        <pitch>
          <step>E</step>
          <octave>3</octave>
        </pitch>
        <duration>2</duration>
        <voice>1</voice>
        <type>quarter</type>
        <stem default-y="-50">down</stem>
        <notations>
          <technical>
            <fingering default-x="1" default-y="-7" placement="above">2</fingering>
          </technical>
        </notations>
      </note>
      <note default-x="129">
        <pitch>
          <step>C</step>
          <octave>3</octave>
        </pitch>
        <duration>2</duration>
        <voice>1</voice>
        <type>quarter</type>
        <stem default-y="10.5">up</stem>
        <notations>
          <technical>
            <fingering default-x="2" default-y="15" placement="above">3</fingering>
          </technical>
        </notations>
      </note>
    </measure>
    <!--=======================================================-->
    <measure number="14" width="209">
      <note default-x="17">
        <pitch>
          <step>F</step>
          <octave>2</octave>
        </pitch>
        <duration>2</duration>
        <voice>1</voice>
        <type>quarter</type>
        <stem default-y="-9.5">up</stem>
        <notations>
          <technical>
            <fingering default-x="2" default-y="-7" placement="above">5</fingering>
          </technical>
        </notations>
      </note>
      <note default-x="64">
        <pitch>
          <step>G</step>
          <octave>2</octave>
        </pitch>
        <duration>2</duration>
        <voice>1</voice>
        <type>quarter</type>
        <stem default-y="-4.5">up</stem>
        <notations>
          <technical>
            <fingering default-x="1" default-y="3" placement="above">4</fingering>
          </technical>
        </notations>
      </note>
      <note default-x="112">
        <pitch>
          <step>A</step>
          <octave>2</octave>
        </pitch>
        <duration>2</duration>
        <voice>1</voice>
        <type>quarter</type>
        <stem default-y="0">up</stem>
        <notations>
          <technical>
            <fingering default-x="2" default-y="5" placement="above">3</fingering>
          </technical>
        </notations>
      </note>
      <note default-x="160">
        <pitch>
          <step>B</step>
          <octave>2</octave>
        </pitch>
        <duration>2</duration>
        <voice>1</voice>
        <type>quarter</type>
        <stem default-y="6">up</stem>
        <notations>
          <technical>
            <fingering default-x="2" default-y="10" placement="above">2</fingering>
          </technical>
        </notations>
      </note>
    </measure>
    <!--=======================================================-->
    <measure number="15" width="231">
      <note default-x="14">
        <pitch>
          <step>C</step>
          <octave>3</octave>
        </pitch>
        <duration>1</duration>
        <voice>1</voice>
        <type>eighth</type>
        <stem default-y="10.5">up</stem>
        <notations>
          <technical>
            <fingering default-x="3" default-y="17" placement="above">1</fingering>
          </technical>
        </notations>
      </note>
      <note default-x="42">
        <rest/>
        <duration>1</duration>
        <voice>1</voice>
        <type>eighth</type>
      </note>
      <note default-x="68">
        <pitch>
          <step>C</step>
          <octave>3</octave>
        </pitch>
        <duration>1</duration>
        <voice>1</voice>
        <type>eighth</type>
        <stem default-y="10.5">up</stem>
        <notations>
          <technical>
            <fingering default-x="3" default-y="17" placement="above">1</fingering>
          </technical>
        </notations>
      </note>
      <note default-x="96">
        <rest/>
        <duration>1</duration>
        <voice>1</voice>
        <type>eighth</type>
      </note>
      <note default-x="122">
        <pitch>
          <step>F</step>
          <octave>2</octave>
        </pitch>
        <duration>1</duration>
        <voice>1</voice>
        <type>eighth</type>
        <stem default-y="-9.5">up</stem>
        <notations>
          <technical>
            <fingering default-x="2" default-y="-7" placement="above">5</fingering>
          </technical>
        </notations>
      </note>
      <note default-x="149">
        <rest/>
        <duration>1</duration>
        <voice>1</voice>
        <type>eighth</type>
      </note>
      <note default-x="176">
        <pitch>
          <step>F</step>
          <octave>3</octave>
        </pitch>
        <duration>1</duration>
        <voice>1</voice>
        <type>eighth</type>
        <stem default-y="25">up</stem>
        <notations>
          <technical>
            <fingering default-x="3" default-y="32" placement="above">1</fingering>
          </technical>
        </notations>
      </note>
      <note default-x="203">
        <rest/>
        <duration>1</duration>
        <voice>1</voice>
        <type>eighth</type>
      </note>
    </measure>
    <!--=======================================================-->
    <measure number="16" width="578">
      <print new-system="yes"/>
      <note default-x="53">
        <pitch>
          <step>G</step>
          <octave>2</octave>
        </pitch>
        <duration>1</duration>
        <voice>1</voice>
        <type>eighth</type>
        <stem default-y="-4">up</stem>
        <notations>
          <technical>
            <fingering default-x="3" default-y="3" placement="above">5</fingering>
          </technical>
        </notations>
      </note>
      <note default-x="119">
        <rest/>
        <duration>1</duration>
        <voice>1</voice>
        <type>eighth</type>
      </note>
      <note default-x="184">
        <pitch>
          <step>G</step>
          <octave>3</octave>
        </pitch>
        <duration>1</duration>
        <voice>1</voice>
        <type>eighth</type>
        <stem default-y="30.5">up</stem>
        <notations>
          <technical>
            <fingering default-x="3" default-y="37" placement="above">1</fingering>
          </technical>
        </notations>
      </note>
      <note default-x="250">
        <rest/>
        <duration>1</duration>
        <voice>1</voice>
        <type>eighth</type>
      </note>
      <note default-x="315">
        <pitch>
          <step>G</step>
          <octave>2</octave>
        </pitch>
        <duration>1</duration>
        <voice>1</voice>
        <type>eighth</type>
        <stem default-y="-4">up</stem>
        <notations>
          <technical>
            <fingering default-x="2" default-y="3" placement="above">5</fingering>
          </technical>
        </notations>
      </note>
      <note default-x="381">
        <rest/>
        <duration>1</duration>
        <voice>1</voice>
        <type>eighth</type>
      </note>
      <note default-x="446">
        <pitch>
          <step>G</step>
          <octave>3</octave>
        </pitch>
        <duration>1</duration>
        <voice>1</voice>
        <type>eighth</type>
        <stem default-y="30.5">up</stem>
        <notations>
          <technical>
            <fingering default-x="3" default-y="37" placement="above">1</fingering>
          </technical>
        </notations>
      </note>
      <note default-x="512">
        <rest/>
        <duration>1</duration>
        <voice>1</voice>
        <type>eighth</type>
      </note>
    </measure>
    <!--=======================================================-->
    <measure number="17" width="482">
      <note default-x="14">
        <pitch>
          <step>C</step>
          <octave>3</octave>
        </pitch>
        <duration>1</duration>
        <voice>1</voice>
        <type>eighth</type>
        <stem default-y="-60">down</stem>
        <notations>
          <technical>
            <fingering default-x="2" default-y="-17" placement="above">5</fingering>
          </technical>
        </notations>
      </note>
      <note default-x="74">
        <rest/>
        <duration>1</duration>
        <voice>1</voice>
        <type>eighth</type>
      </note>
      <note default-x="134">
        <pitch>
          <step>C</step>
          <octave>4</octave>
        </pitch>
        <duration>1</duration>
        <voice>1</voice>
        <type>eighth</type>
        <stem default-y="-25.5">down</stem>
        <notations>
          <technical>
            <fingering default-x="3" default-y="20" placement="above">1</fingering>
          </technical>
        </notations>
      </note>
      <note default-x="194">
        <rest/>
        <duration>1</duration>
        <voice>1</voice>
        <type>eighth</type>
      </note>
      <note default-x="255">
        <pitch>
          <step>C</step>
          <octave>3</octave>
        </pitch>
        <duration>2</duration>
        <voice>1</voice>
        <type>quarter</type>
        <stem default-y="10">up</stem>
        <notations>
          <technical>
            <fingering default-x="2" default-y="15" placement="above">5</fingering>
          </technical>
        </notations>
      </note>
      <note default-x="352">
        <rest/>
        <duration>2</duration>
        <voice>1</voice>
        <type>quarter</type>
      </note>
      <barline location="right">
        <bar-style>light-heavy</bar-style>
      </barline>
    </measure>
  </part>
  <!--=========================================================-->
</score-partwise>
