<?xml version="1.0" encoding="UTF-8" standalone="no"?>
<!DOCTYPE score-partwise PUBLIC "-//Recordare//DTD MusicXML 3.0 Partwise//EN" "http://www.musicxml.org/dtds/partwise.dtd">
<score-partwise version="3.0">
  <movement-title>599 No.11</movement-title>
  <identification>
    <creator type="composer">Music21</creator>
    <encoding>
      <software>Finale 2014.5 for Windows</software>
      <software>Dolet Light for Finale 2014.5</software>
      <encoding-date>2016-10-23</encoding-date>
      <supports attribute="new-system" element="print" type="yes" value="yes"/>
      <supports attribute="new-page" element="print" type="yes" value="yes"/>
      <supports element="accidental" type="yes"/>
      <supports element="beam" type="yes"/>
      <supports element="stem" type="yes"/>
    </encoding>
  </identification>
  <defaults>
    <scaling>
      <millimeters>7.1967</millimeters>
      <tenths>40</tenths>
    </scaling>
    <page-layout>
      <page-height>1553</page-height>
      <page-width>1200</page-width>
      <page-margins type="both">
        <left-margin>70</left-margin>
        <right-margin>70</right-margin>
        <top-margin>88</top-margin>
        <bottom-margin>88</bottom-margin>
      </page-margins>
    </page-layout>
    <system-layout>
      <system-margins>
        <left-margin>0</left-margin>
        <right-margin>0</right-margin>
      </system-margins>
      <system-distance>121</system-distance>
      <top-system-distance>70</top-system-distance>
    </system-layout>
    <staff-layout>
      <staff-distance>60</staff-distance>
    </staff-layout>
    <appearance>
      <line-width type="stem">0.7487</line-width>
      <line-width type="beam">5</line-width>
      <line-width type="staff">0.7487</line-width>
      <line-width type="light barline">0.7487</line-width>
      <line-width type="heavy barline">5</line-width>
      <line-width type="leger">0.7487</line-width>
      <line-width type="ending">0.7487</line-width>
      <line-width type="wedge">0.7487</line-width>
      <line-width type="enclosure">0.7487</line-width>
      <line-width type="tuplet bracket">0.7487</line-width>
      <note-size type="grace">60</note-size>
      <note-size type="cue">60</note-size>
      <distance type="hyphen">120</distance>
      <distance type="beam">8</distance>
    </appearance>
    <music-font font-family="Maestro,engraved" font-size="20.4"/>
    <word-font font-family="Times New Roman" font-size="10.2"/>
  </defaults>
  <credit page="1">
    <credit-words default-x="603" default-y="1447" font-size="24" justify="center" valign="top">599 No.11</credit-words>
  </credit>
  <credit page="1">
    <credit-words default-x="71" default-y="1460" font-size="12" valign="top">Score</credit-words>
  </credit>
  <part-list>
    <score-part id="P1">
      <part-name>Track 1</part-name>
      <score-instrument id="P1-I1">
        <instrument-name>Acoustic Grand Piano</instrument-name>
      </score-instrument>
      <midi-instrument id="P1-I1">
        <midi-channel>1</midi-channel>
        <midi-program>1</midi-program>
      </midi-instrument>
    </score-part>
    <score-part id="P2">
      <part-name>Track 2</part-name>
      <score-instrument id="P2-I2">
        <instrument-name>Acoustic Grand Piano</instrument-name>
      </score-instrument>
      <midi-instrument id="P2-I2">
        <midi-channel>2</midi-channel>
        <midi-program>1</midi-program>
      </midi-instrument>
    </score-part>
  </part-list>
  <!--=========================================================-->
  <part id="P1">
    <measure number="1" width="179">
      <print>
        <system-layout>
          <system-margins>
            <left-margin>70</left-margin>
            <right-margin>0</right-margin>
          </system-margins>
          <top-system-distance>211</top-system-distance>
        </system-layout>
        <measure-numbering>system</measure-numbering>
      </print>
      <attributes>
        <divisions>2</divisions>
        <key>
          <fifths>0</fifths>
          <mode>major</mode>
        </key>
        <time>
          <beats>4</beats>
          <beat-type>4</beat-type>
        </time>
        <clef>
          <sign>G</sign>
          <line>2</line>
        </clef>
      </attributes>
      <sound tempo="120"/>
      <note>
        <rest measure="yes"/>
        <duration>8</duration>
        <voice>1</voice>
      </note>
    </measure>
    <!--=======================================================-->
    <measure number="2" width="162">
      <note default-x="16">
        <pitch>
          <step>C</step>
          <octave>5</octave>
        </pitch>
        <duration>2</duration>
        <voice>1</voice>
        <type>quarter</type>
        <stem default-y="-50">down</stem>
        <notations>
          <technical>
            <fingering default-x="3" default-y="-7" placement="above">1</fingering>
          </technical>
        </notations>
      </note>
      <note default-x="53">
        <pitch>
          <step>E</step>
          <octave>5</octave>
        </pitch>
        <duration>2</duration>
        <voice>1</voice>
        <type>quarter</type>
        <stem default-y="-40.5">down</stem>
        <notations>
          <technical>
            <fingering default-x="2" default-y="5" placement="above">3</fingering>
          </technical>
        </notations>
      </note>
      <note default-x="89">
        <pitch>
          <step>C</step>
          <octave>5</octave>
        </pitch>
        <duration>2</duration>
        <voice>1</voice>
        <type>quarter</type>
        <stem default-y="-50">down</stem>
        <notations>
          <technical>
            <fingering default-x="3" default-y="-7" placement="above">1</fingering>
          </technical>
        </notations>
      </note>
      <note default-x="125">
        <pitch>
          <step>E</step>
          <octave>5</octave>
        </pitch>
        <duration>2</duration>
        <voice>1</voice>
        <type>quarter</type>
        <stem default-y="-40.5">down</stem>
        <notations>
          <technical>
            <fingering default-x="2" default-y="5" placement="above">3</fingering>
          </technical>
        </notations>
      </note>
    </measure>
    <!--=======================================================-->
    <measure number="3" width="162">
      <note default-x="16">
        <pitch>
          <step>G</step>
          <octave>5</octave>
        </pitch>
        <duration>2</duration>
        <voice>1</voice>
        <type>quarter</type>
        <stem default-y="-30">down</stem>
        <notations>
          <technical>
            <fingering default-x="2" default-y="15" placement="above">5</fingering>
          </technical>
        </notations>
      </note>
      <note default-x="53">
        <pitch>
          <step>E</step>
          <octave>5</octave>
        </pitch>
        <duration>2</duration>
        <voice>1</voice>
        <type>quarter</type>
        <stem default-y="-40.5">down</stem>
        <notations>
          <technical>
            <fingering default-x="2" default-y="5" placement="above">3</fingering>
          </technical>
        </notations>
      </note>
      <note default-x="89">
        <pitch>
          <step>C</step>
          <octave>5</octave>
        </pitch>
        <duration>2</duration>
        <voice>1</voice>
        <type>quarter</type>
        <stem default-y="-50">down</stem>
        <notations>
          <technical>
            <fingering default-x="3" default-y="-7" placement="above">1</fingering>
          </technical>
        </notations>
      </note>
      <note default-x="125">
        <pitch>
          <step>E</step>
          <octave>5</octave>
        </pitch>
        <duration>2</duration>
        <voice>1</voice>
        <type>quarter</type>
        <stem default-y="-40.5">down</stem>
        <notations>
          <technical>
            <fingering default-x="2" default-y="5" placement="above">3</fingering>
          </technical>
        </notations>
      </note>
    </measure>
    <!--=======================================================-->
    <measure number="4" width="162">
      <note default-x="16">
        <pitch>
          <step>D</step>
          <octave>5</octave>
        </pitch>
        <duration>2</duration>
        <voice>1</voice>
        <type>quarter</type>
        <stem default-y="-45">down</stem>
        <notations>
          <technical>
            <fingering default-x="2" default-y="3" placement="above">2</fingering>
          </technical>
        </notations>
      </note>
      <note default-x="52">
        <pitch>
          <step>G</step>
          <octave>5</octave>
        </pitch>
        <duration>2</duration>
        <voice>1</voice>
        <type>quarter</type>
        <stem default-y="-30">down</stem>
        <notations>
          <technical>
            <fingering default-x="2" default-y="15" placement="above">5</fingering>
          </technical>
        </notations>
      </note>
      <note default-x="89">
        <pitch>
          <step>F</step>
          <octave>5</octave>
        </pitch>
        <duration>2</duration>
        <voice>1</voice>
        <type>quarter</type>
        <stem default-y="-35.5">down</stem>
        <notations>
          <technical>
            <fingering default-x="1" default-y="10" placement="above">4</fingering>
          </technical>
        </notations>
      </note>
      <note default-x="125">
        <pitch>
          <step>D</step>
          <octave>5</octave>
        </pitch>
        <duration>2</duration>
        <voice>1</voice>
        <type>quarter</type>
        <stem default-y="-45">down</stem>
        <notations>
          <technical>
            <fingering default-x="2" default-y="3" placement="above">2</fingering>
          </technical>
        </notations>
      </note>
    </measure>
    <!--=======================================================-->
    <measure number="5" width="162">
      <note default-x="16">
        <pitch>
          <step>E</step>
          <octave>5</octave>
        </pitch>
        <duration>2</duration>
        <voice>1</voice>
        <type>quarter</type>
        <stem default-y="-40.5">down</stem>
        <notations>
          <technical>
            <fingering default-x="2" default-y="5" placement="above">3</fingering>
          </technical>
        </notations>
      </note>
      <note default-x="53">
        <pitch>
          <step>C</step>
          <octave>5</octave>
        </pitch>
        <duration>2</duration>
        <voice>1</voice>
        <type>quarter</type>
        <stem default-y="-50">down</stem>
        <notations>
          <technical>
            <fingering default-x="3" default-y="-7" placement="above">1</fingering>
          </technical>
        </notations>
      </note>
      <note default-x="89">
        <pitch>
          <step>G</step>
          <octave>5</octave>
        </pitch>
        <duration>2</duration>
        <voice>1</voice>
        <type>quarter</type>
        <stem default-y="-30">down</stem>
        <notations>
          <technical>
            <fingering default-x="2" default-y="15" placement="above">5</fingering>
          </technical>
        </notations>
      </note>
      <note default-x="125">
        <pitch>
          <step>E</step>
          <octave>5</octave>
        </pitch>
        <duration>2</duration>
        <voice>1</voice>
        <type>quarter</type>
        <stem default-y="-40.5">down</stem>
        <notations>
          <technical>
            <fingering default-x="2" default-y="5" placement="above">3</fingering>
          </technical>
        </notations>
      </note>
    </measure>
    <!--=======================================================-->
    <measure number="6" width="162">
      <note default-x="16">
        <pitch>
          <step>C</step>
          <octave>5</octave>
        </pitch>
        <duration>2</duration>
        <voice>1</voice>
        <type>quarter</type>
        <stem default-y="-50">down</stem>
        <notations>
          <technical>
            <fingering default-x="3" default-y="-7" placement="above">1</fingering>
          </technical>
        </notations>
      </note>
      <note default-x="53">
        <pitch>
          <step>E</step>
          <octave>5</octave>
        </pitch>
        <duration>2</duration>
        <voice>1</voice>
        <type>quarter</type>
        <stem default-y="-40.5">down</stem>
        <notations>
          <technical>
            <fingering default-x="2" default-y="5" placement="above">3</fingering>
          </technical>
        </notations>
      </note>
      <note default-x="89">
        <pitch>
          <step>C</step>
          <octave>5</octave>
        </pitch>
        <duration>2</duration>
        <voice>1</voice>
        <type>quarter</type>
        <stem default-y="-50">down</stem>
        <notations>
          <technical>
            <fingering default-x="3" default-y="-7" placement="above">1</fingering>
          </technical>
        </notations>
      </note>
      <note default-x="125">
        <pitch>
          <step>E</step>
          <octave>5</octave>
        </pitch>
        <duration>2</duration>
        <voice>1</voice>
        <type>quarter</type>
        <stem default-y="-40.5">down</stem>
        <notations>
          <technical>
            <fingering default-x="1" default-y="5" placement="above">3</fingering>
          </technical>
        </notations>
      </note>
    </measure>
    <!--=======================================================-->
    <measure number="7" width="209">
      <print new-system="yes">
        <system-layout>
          <system-distance>114</system-distance>
        </system-layout>
      </print>
      <note default-x="56">
        <pitch>
          <step>G</step>
          <octave>5</octave>
        </pitch>
        <duration>2</duration>
        <voice>1</voice>
        <type>quarter</type>
        <stem default-y="-30">down</stem>
        <notations>
          <technical>
            <fingering default-x="2" default-y="15" placement="above">5</fingering>
          </technical>
        </notations>
      </note>
      <note default-x="94">
        <pitch>
          <step>E</step>
          <octave>5</octave>
        </pitch>
        <duration>2</duration>
        <voice>1</voice>
        <type>quarter</type>
        <stem default-y="-40">down</stem>
        <notations>
          <technical>
            <fingering default-x="2" default-y="5" placement="above">3</fingering>
          </technical>
        </notations>
      </note>
      <note default-x="132">
        <pitch>
          <step>C</step>
          <octave>5</octave>
        </pitch>
        <duration>2</duration>
        <voice>1</voice>
        <type>quarter</type>
        <stem default-y="-50.5">down</stem>
        <notations>
          <technical>
            <fingering default-x="3" default-y="-7" placement="above">1</fingering>
          </technical>
        </notations>
      </note>
      <note default-x="170">
        <pitch>
          <step>E</step>
          <octave>5</octave>
        </pitch>
        <duration>2</duration>
        <voice>1</voice>
        <type>quarter</type>
        <stem default-y="-40">down</stem>
        <notations>
          <technical>
            <fingering default-x="2" default-y="5" placement="above">3</fingering>
          </technical>
        </notations>
      </note>
    </measure>
    <!--=======================================================-->
    <measure number="8" width="170">
      <note default-x="17">
        <pitch>
          <step>D</step>
          <octave>5</octave>
        </pitch>
        <duration>2</duration>
        <voice>1</voice>
        <type>quarter</type>
        <stem default-y="-45">down</stem>
        <notations>
          <technical>
            <fingering default-x="1" default-y="3" placement="above">2</fingering>
          </technical>
        </notations>
      </note>
      <note default-x="55">
        <pitch>
          <step>G</step>
          <octave>5</octave>
        </pitch>
        <duration>2</duration>
        <voice>1</voice>
        <type>quarter</type>
        <stem default-y="-30">down</stem>
        <notations>
          <technical>
            <fingering default-x="2" default-y="15" placement="above">5</fingering>
          </technical>
        </notations>
      </note>
      <note default-x="93">
        <pitch>
          <step>F</step>
          <octave>5</octave>
        </pitch>
        <duration>2</duration>
        <voice>1</voice>
        <type>quarter</type>
        <stem default-y="-35">down</stem>
        <notations>
          <technical>
            <fingering default-x="1" default-y="10" placement="above">4</fingering>
          </technical>
        </notations>
      </note>
      <note default-x="131">
        <pitch>
          <step>D</step>
          <octave>5</octave>
        </pitch>
        <duration>2</duration>
        <voice>1</voice>
        <type>quarter</type>
        <stem default-y="-45">down</stem>
        <notations>
          <technical>
            <fingering default-x="2" default-y="3" placement="above">2</fingering>
          </technical>
        </notations>
      </note>
    </measure>
    <!--=======================================================-->
    <measure number="9" width="170">
      <note default-x="16">
        <pitch>
          <step>C</step>
          <octave>5</octave>
        </pitch>
        <duration>2</duration>
        <voice>1</voice>
        <type>quarter</type>
        <stem default-y="-50.5">down</stem>
        <notations>
          <technical>
            <fingering default-x="3" default-y="-7" placement="above">1</fingering>
          </technical>
        </notations>
      </note>
      <note default-x="55">
        <pitch>
          <step>E</step>
          <octave>5</octave>
        </pitch>
        <duration>2</duration>
        <voice>1</voice>
        <type>quarter</type>
        <stem default-y="-40">down</stem>
        <notations>
          <technical>
            <fingering default-x="1" default-y="5" placement="above">3</fingering>
          </technical>
        </notations>
      </note>
      <note default-x="93">
        <pitch>
          <step>C</step>
          <octave>5</octave>
        </pitch>
        <duration>2</duration>
        <voice>1</voice>
        <type>quarter</type>
        <stem default-y="-50.5">down</stem>
        <notations>
          <technical>
            <fingering default-x="3" default-y="-7" placement="above">1</fingering>
          </technical>
        </notations>
      </note>
      <note default-x="131">
        <rest/>
        <duration>2</duration>
        <voice>1</voice>
        <type>quarter</type>
      </note>
    </measure>
    <!--=======================================================-->
    <measure number="10" width="170">
      <note default-x="16">
        <pitch>
          <step>D</step>
          <octave>5</octave>
        </pitch>
        <duration>2</duration>
        <voice>1</voice>
        <type>quarter</type>
        <stem default-y="-45">down</stem>
        <notations>
          <technical>
            <fingering default-x="2" default-y="3" placement="above">2</fingering>
          </technical>
        </notations>
      </note>
      <note default-x="55">
        <pitch>
          <step>E</step>
          <octave>5</octave>
        </pitch>
        <duration>2</duration>
        <voice>1</voice>
        <type>quarter</type>
        <stem default-y="-40">down</stem>
        <notations>
          <technical>
            <fingering default-x="2" default-y="5" placement="above">3</fingering>
          </technical>
        </notations>
      </note>
      <note default-x="93">
        <pitch>
          <step>F</step>
          <octave>5</octave>
        </pitch>
        <duration>2</duration>
        <voice>1</voice>
        <type>quarter</type>
        <stem default-y="-35">down</stem>
        <notations>
          <technical>
            <fingering default-x="1" default-y="10" placement="above">4</fingering>
          </technical>
        </notations>
      </note>
      <note default-x="131">
        <pitch>
          <step>D</step>
          <octave>5</octave>
        </pitch>
        <duration>2</duration>
        <voice>1</voice>
        <type>quarter</type>
        <stem default-y="-45">down</stem>
        <notations>
          <technical>
            <fingering default-x="2" default-y="3" placement="above">2</fingering>
          </technical>
        </notations>
      </note>
    </measure>
    <!--=======================================================-->
    <measure number="11" width="170">
      <note default-x="16">
        <pitch>
          <step>E</step>
          <octave>5</octave>
        </pitch>
        <duration>2</duration>
        <voice>1</voice>
        <type>quarter</type>
        <stem default-y="-40">down</stem>
        <notations>
          <technical>
            <fingering default-x="2" default-y="5" placement="above">3</fingering>
          </technical>
        </notations>
      </note>
      <note default-x="55">
        <pitch>
          <step>G</step>
          <octave>5</octave>
        </pitch>
        <duration>2</duration>
        <voice>1</voice>
        <type>quarter</type>
        <stem default-y="-30">down</stem>
        <notations>
          <technical>
            <fingering default-x="2" default-y="15" placement="above">5</fingering>
          </technical>
        </notations>
      </note>
      <note default-x="92">
        <pitch>
          <step>E</step>
          <octave>5</octave>
        </pitch>
        <duration>2</duration>
        <voice>1</voice>
        <type>quarter</type>
        <stem default-y="-40">down</stem>
        <notations>
          <technical>
            <fingering default-x="2" default-y="5" placement="above">3</fingering>
          </technical>
        </notations>
      </note>
      <note default-x="131">
        <pitch>
          <step>C</step>
          <octave>5</octave>
        </pitch>
        <duration>2</duration>
        <voice>1</voice>
        <type>quarter</type>
        <stem default-y="-50.5">down</stem>
        <notations>
          <technical>
            <fingering default-x="3" default-y="-7" placement="above">1</fingering>
          </technical>
        </notations>
      </note>
    </measure>
    <!--=======================================================-->
    <measure number="12" width="170">
      <note default-x="16">
        <pitch>
          <step>D</step>
          <octave>5</octave>
        </pitch>
        <duration>2</duration>
        <voice>1</voice>
        <type>quarter</type>
        <stem default-y="-45">down</stem>
        <notations>
          <technical>
            <fingering default-x="2" default-y="3" placement="above">2</fingering>
          </technical>
        </notations>
      </note>
      <note default-x="55">
        <pitch>
          <step>E</step>
          <octave>5</octave>
        </pitch>
        <duration>2</duration>
        <voice>1</voice>
        <type>quarter</type>
        <stem default-y="-40">down</stem>
        <notations>
          <technical>
            <fingering default-x="2" default-y="5" placement="above">3</fingering>
          </technical>
        </notations>
      </note>
      <note default-x="93">
        <pitch>
          <step>F</step>
          <octave>5</octave>
        </pitch>
        <duration>2</duration>
        <voice>1</voice>
        <type>quarter</type>
        <stem default-y="-35">down</stem>
        <notations>
          <technical>
            <fingering default-x="1" default-y="10" placement="above">4</fingering>
          </technical>
        </notations>
      </note>
      <note default-x="131">
        <pitch>
          <step>D</step>
          <octave>5</octave>
        </pitch>
        <duration>2</duration>
        <voice>1</voice>
        <type>quarter</type>
        <stem default-y="-45">down</stem>
        <notations>
          <technical>
            <fingering default-x="2" default-y="3" placement="above">2</fingering>
          </technical>
        </notations>
      </note>
    </measure>
    <!--=======================================================-->
    <measure number="13" width="245">
      <print new-system="yes">
        <system-layout>
          <system-distance>114</system-distance>
        </system-layout>
      </print>
      <note default-x="56">
        <pitch>
          <step>E</step>
          <octave>5</octave>
        </pitch>
        <duration>2</duration>
        <voice>1</voice>
        <type>quarter</type>
        <stem default-y="-40.5">down</stem>
        <notations>
          <technical>
            <fingering default-x="2" default-y="5" placement="above">3</fingering>
          </technical>
        </notations>
      </note>
      <note default-x="103">
        <pitch>
          <step>G</step>
          <octave>5</octave>
        </pitch>
        <duration>2</duration>
        <voice>1</voice>
        <type>quarter</type>
        <stem default-y="-30">down</stem>
        <notations>
          <technical>
            <fingering default-x="2" default-y="15" placement="above">5</fingering>
          </technical>
        </notations>
      </note>
      <note default-x="150">
        <pitch>
          <step>F</step>
          <octave>5</octave>
        </pitch>
        <duration>2</duration>
        <voice>1</voice>
        <type>quarter</type>
        <stem default-y="-35.5">down</stem>
        <notations>
          <technical>
            <fingering default-x="1" default-y="10" placement="above">4</fingering>
          </technical>
        </notations>
      </note>
      <note default-x="198">
        <pitch>
          <step>D</step>
          <octave>5</octave>
        </pitch>
        <duration>2</duration>
        <voice>1</voice>
        <type>quarter</type>
        <stem default-y="-45">down</stem>
        <notations>
          <technical>
            <fingering default-x="2" default-y="3" placement="above">2</fingering>
          </technical>
        </notations>
      </note>
    </measure>
    <!--=======================================================-->
    <measure number="14" width="206">
      <note default-x="17">
        <pitch>
          <step>C</step>
          <octave>5</octave>
        </pitch>
        <duration>2</duration>
        <voice>1</voice>
        <type>quarter</type>
        <stem default-y="-50">down</stem>
        <notations>
          <technical>
            <fingering default-x="3" default-y="-7" placement="above">1</fingering>
          </technical>
        </notations>
      </note>
      <note default-x="64">
        <pitch>
          <step>E</step>
          <octave>5</octave>
        </pitch>
        <duration>2</duration>
        <voice>1</voice>
        <type>quarter</type>
        <stem default-y="-40.5">down</stem>
        <notations>
          <technical>
            <fingering default-x="2" default-y="5" placement="above">3</fingering>
          </technical>
        </notations>
      </note>
      <note default-x="111">
        <pitch>
          <step>C</step>
          <octave>5</octave>
        </pitch>
        <duration>2</duration>
        <voice>1</voice>
        <type>quarter</type>
        <stem default-y="-50">down</stem>
        <notations>
          <technical>
            <fingering default-x="2" default-y="-7" placement="above">1</fingering>
          </technical>
        </notations>
      </note>
      <note default-x="158">
        <pitch>
          <step>E</step>
          <octave>5</octave>
        </pitch>
        <duration>2</duration>
        <voice>1</voice>
        <type>quarter</type>
        <stem default-y="-40.5">down</stem>
        <notations>
          <technical>
            <fingering default-x="2" default-y="5" placement="above">3</fingering>
          </technical>
        </notations>
      </note>
    </measure>
    <!--=======================================================-->
    <measure number="15" width="206">
      <note default-x="17">
        <pitch>
          <step>G</step>
          <octave>5</octave>
        </pitch>
        <duration>2</duration>
        <voice>1</voice>
        <type>quarter</type>
        <stem default-y="-30">down</stem>
        <notations>
          <technical>
            <fingering default-x="2" default-y="15" placement="above">5</fingering>
          </technical>
        </notations>
      </note>
      <note default-x="64">
        <pitch>
          <step>E</step>
          <octave>5</octave>
        </pitch>
        <duration>2</duration>
        <voice>1</voice>
        <type>quarter</type>
        <stem default-y="-40.5">down</stem>
        <notations>
          <technical>
            <fingering default-x="1" default-y="5" placement="above">3</fingering>
          </technical>
        </notations>
      </note>
      <note default-x="111">
        <pitch>
          <step>C</step>
          <octave>5</octave>
        </pitch>
        <duration>2</duration>
        <voice>1</voice>
        <type>quarter</type>
        <stem default-y="-50">down</stem>
        <notations>
          <technical>
            <fingering default-x="3" default-y="-7" placement="above">1</fingering>
          </technical>
        </notations>
      </note>
      <note default-x="158">
        <pitch>
          <step>E</step>
          <octave>5</octave>
        </pitch>
        <duration>2</duration>
        <voice>1</voice>
        <type>quarter</type>
        <stem default-y="-40.5">down</stem>
        <notations>
          <technical>
            <fingering default-x="1" default-y="5" placement="above">3</fingering>
          </technical>
        </notations>
      </note>
    </measure>
    <!--=======================================================-->
    <measure number="16" width="206">
      <note default-x="16">
        <pitch>
          <step>D</step>
          <octave>5</octave>
        </pitch>
        <duration>2</duration>
        <voice>1</voice>
        <type>quarter</type>
        <stem default-y="-45">down</stem>
        <notations>
          <technical>
            <fingering default-x="2" default-y="3" placement="above">2</fingering>
          </technical>
        </notations>
      </note>
      <note default-x="63">
        <pitch>
          <step>G</step>
          <octave>5</octave>
        </pitch>
        <duration>2</duration>
        <voice>1</voice>
        <type>quarter</type>
        <stem default-y="-30">down</stem>
        <notations>
          <technical>
            <fingering default-x="3" default-y="15" placement="above">5</fingering>
          </technical>
        </notations>
      </note>
      <note default-x="111">
        <pitch>
          <step>F</step>
          <octave>5</octave>
        </pitch>
        <duration>2</duration>
        <voice>1</voice>
        <type>quarter</type>
        <stem default-y="-35.5">down</stem>
        <notations>
          <technical>
            <fingering default-x="1" default-y="10" placement="above">4</fingering>
          </technical>
        </notations>
      </note>
      <note default-x="158">
        <pitch>
          <step>D</step>
          <octave>5</octave>
        </pitch>
        <duration>2</duration>
        <voice>1</voice>
        <type>quarter</type>
        <stem default-y="-45">down</stem>
        <notations>
          <technical>
            <fingering default-x="2" default-y="3" placement="above">2</fingering>
          </technical>
        </notations>
      </note>
    </measure>
    <!--=======================================================-->
    <measure number="17" width="197">
      <note default-x="16">
        <pitch>
          <step>C</step>
          <octave>5</octave>
        </pitch>
        <duration>2</duration>
        <voice>1</voice>
        <type>quarter</type>
        <stem default-y="-50">down</stem>
        <notations>
          <technical>
            <fingering default-x="3" default-y="-7" placement="above">1</fingering>
          </technical>
        </notations>
      </note>
      <note default-x="63">
        <pitch>
          <step>E</step>
          <octave>5</octave>
        </pitch>
        <duration>2</duration>
        <voice>1</voice>
        <type>quarter</type>
        <stem default-y="-40.5">down</stem>
        <notations>
          <technical>
            <fingering default-x="2" default-y="5" placement="above">3</fingering>
          </technical>
        </notations>
      </note>
      <note default-x="111">
        <pitch>
          <step>C</step>
          <octave>5</octave>
        </pitch>
        <duration>4</duration>
        <voice>1</voice>
        <type>half</type>
        <stem default-y="-50">down</stem>
        <notations>
          <technical>
            <fingering default-x="3" default-y="-7" placement="above">1</fingering>
          </technical>
        </notations>
      </note>
      <barline location="right">
        <bar-style>light-heavy</bar-style>
      </barline>
    </measure>
  </part>
  <!--=========================================================-->
  <part id="P2">
    <measure number="1" width="179">
      <print>
        <measure-numbering>none</measure-numbering>
      </print>
      <attributes>
        <divisions>2</divisions>
        <key>
          <fifths>0</fifths>
          <mode>major</mode>
        </key>
        <time>
          <beats>4</beats>
          <beat-type>4</beat-type>
        </time>
        <clef>
          <sign>G</sign>
          <line>2</line>
        </clef>
      </attributes>
      <sound tempo="120"/>
      <note>
        <rest measure="yes"/>
        <duration>8</duration>
        <voice>1</voice>
      </note>
    </measure>
    <!--=======================================================-->
    <measure number="2" width="162">
      <note default-x="16">
        <pitch>
          <step>C</step>
          <octave>4</octave>
        </pitch>
        <duration>8</duration>
        <voice>1</voice>
        <type>whole</type>
        <notations>
          <technical>
            <fingering default-x="2" default-y="-17" placement="above">5</fingering>
            <fingering default-x="2" default-y="-17" placement="above">3</fingering>
            <fingering default-x="3" default-y="-17" placement="above">1</fingering>
          </technical>
        </notations>
      </note>
      <note default-x="16">
        <chord/>
        <pitch>
          <step>E</step>
          <octave>4</octave>
        </pitch>
        <duration>8</duration>
        <voice>1</voice>
        <type>whole</type>
      </note>
      <note default-x="16">
        <chord/>
        <pitch>
          <step>G</step>
          <octave>4</octave>
        </pitch>
        <duration>8</duration>
        <voice>1</voice>
        <type>whole</type>
      </note>
    </measure>
    <!--=======================================================-->
    <measure number="3" width="162">
      <note default-x="16">
        <pitch>
          <step>C</step>
          <octave>4</octave>
        </pitch>
        <duration>8</duration>
        <voice>1</voice>
        <type>whole</type>
        <notations>
          <technical>
            <fingering default-x="2" default-y="-17" placement="above">5</fingering>
            <fingering default-x="2" default-y="-17" placement="above">3</fingering>
            <fingering default-x="3" default-y="-17" placement="above">1</fingering>
          </technical>
        </notations>
      </note>
      <note default-x="16">
        <chord/>
        <pitch>
          <step>E</step>
          <octave>4</octave>
        </pitch>
        <duration>8</duration>
        <voice>1</voice>
        <type>whole</type>
      </note>
      <note default-x="16">
        <chord/>
        <pitch>
          <step>G</step>
          <octave>4</octave>
        </pitch>
        <duration>8</duration>
        <voice>1</voice>
        <type>whole</type>
      </note>
    </measure>
    <!--=======================================================-->
    <measure number="4" width="162">
      <note default-x="16">
        <pitch>
          <step>B</step>
          <octave>3</octave>
        </pitch>
        <duration>8</duration>
        <voice>1</voice>
        <type>whole</type>
        <notations>
          <technical>
            <fingering default-x="2" default-y="-17" placement="above">5</fingering>
            <fingering default-x="2" default-y="-17" placement="above">3</fingering>
            <fingering default-x="3" default-y="-17" placement="above">1</fingering>
          </technical>
        </notations>
      </note>
      <note default-x="16">
        <chord/>
        <pitch>
          <step>D</step>
          <octave>4</octave>
        </pitch>
        <duration>8</duration>
        <voice>1</voice>
        <type>whole</type>
      </note>
      <note default-x="16">
        <chord/>
        <pitch>
          <step>G</step>
          <octave>4</octave>
        </pitch>
        <duration>8</duration>
        <voice>1</voice>
        <type>whole</type>
      </note>
    </measure>
    <!--=======================================================-->
    <measure number="5" width="162">
      <note default-x="16">
        <pitch>
          <step>C</step>
          <octave>4</octave>
        </pitch>
        <duration>8</duration>
        <voice>1</voice>
        <type>whole</type>
        <notations>
          <technical>
            <fingering default-x="2" default-y="-17" placement="above">5</fingering>
            <fingering default-x="2" default-y="-17" placement="above">3</fingering>
            <fingering default-x="3" default-y="-17" placement="above">1</fingering>
          </technical>
        </notations>
      </note>
      <note default-x="16">
        <chord/>
        <pitch>
          <step>E</step>
          <octave>4</octave>
        </pitch>
        <duration>8</duration>
        <voice>1</voice>
        <type>whole</type>
      </note>
      <note default-x="16">
        <chord/>
        <pitch>
          <step>G</step>
          <octave>4</octave>
        </pitch>
        <duration>8</duration>
        <voice>1</voice>
        <type>whole</type>
      </note>
    </measure>
    <!--=======================================================-->
    <measure number="6" width="162">
      <note default-x="16">
        <pitch>
          <step>C</step>
          <octave>4</octave>
        </pitch>
        <duration>8</duration>
        <voice>1</voice>
        <type>whole</type>
        <notations>
          <technical>
            <fingering default-x="2" default-y="-17" placement="above">5</fingering>
            <fingering default-x="2" default-y="-17" placement="above">3</fingering>
            <fingering default-x="3" default-y="-17" placement="above">1</fingering>
          </technical>
        </notations>
      </note>
      <note default-x="16">
        <chord/>
        <pitch>
          <step>E</step>
          <octave>4</octave>
        </pitch>
        <duration>8</duration>
        <voice>1</voice>
        <type>whole</type>
      </note>
      <note default-x="16">
        <chord/>
        <pitch>
          <step>G</step>
          <octave>4</octave>
        </pitch>
        <duration>8</duration>
        <voice>1</voice>
        <type>whole</type>
      </note>
    </measure>
    <!--=======================================================-->
    <measure number="7" width="209">
      <print new-system="yes"/>
      <note default-x="56">
        <pitch>
          <step>C</step>
          <octave>4</octave>
        </pitch>
        <duration>8</duration>
        <voice>1</voice>
        <type>whole</type>
        <notations>
          <technical>
            <fingering default-x="2" default-y="-17" placement="above">5</fingering>
            <fingering default-x="2" default-y="-17" placement="above">3</fingering>
            <fingering default-x="3" default-y="-17" placement="above">1</fingering>
          </technical>
        </notations>
      </note>
      <note default-x="56">
        <chord/>
        <pitch>
          <step>E</step>
          <octave>4</octave>
        </pitch>
        <duration>8</duration>
        <voice>1</voice>
        <type>whole</type>
      </note>
      <note default-x="56">
        <chord/>
        <pitch>
          <step>G</step>
          <octave>4</octave>
        </pitch>
        <duration>8</duration>
        <voice>1</voice>
        <type>whole</type>
      </note>
    </measure>
    <!--=======================================================-->
    <measure number="8" width="170">
      <note default-x="16">
        <pitch>
          <step>B</step>
          <octave>3</octave>
        </pitch>
        <duration>8</duration>
        <voice>1</voice>
        <type>whole</type>
        <notations>
          <technical>
            <fingering default-x="3" default-y="-17" placement="above">5</fingering>
            <fingering default-x="2" default-y="-17" placement="above">2</fingering>
            <fingering default-x="3" default-y="-17" placement="above">1</fingering>
          </technical>
        </notations>
      </note>
      <note default-x="16">
        <chord/>
        <pitch>
          <step>F</step>
          <octave>4</octave>
        </pitch>
        <duration>8</duration>
        <voice>1</voice>
        <type>whole</type>
      </note>
      <note default-x="31">
        <chord/>
        <pitch>
          <step>G</step>
          <octave>4</octave>
        </pitch>
        <duration>8</duration>
        <voice>1</voice>
        <type>whole</type>
      </note>
    </measure>
    <!--=======================================================-->
    <measure number="9" width="170">
      <note default-x="16">
        <pitch>
          <step>C</step>
          <octave>4</octave>
        </pitch>
        <duration>8</duration>
        <voice>1</voice>
        <type>whole</type>
        <notations>
          <technical>
            <fingering default-x="2" default-y="-17" placement="above">5</fingering>
            <fingering default-x="2" default-y="-17" placement="above">3</fingering>
            <fingering default-x="3" default-y="-17" placement="above">1</fingering>
          </technical>
        </notations>
      </note>
      <note default-x="16">
        <chord/>
        <pitch>
          <step>E</step>
          <octave>4</octave>
        </pitch>
        <duration>8</duration>
        <voice>1</voice>
        <type>whole</type>
      </note>
      <note default-x="16">
        <chord/>
        <pitch>
          <step>G</step>
          <octave>4</octave>
        </pitch>
        <duration>8</duration>
        <voice>1</voice>
        <type>whole</type>
      </note>
    </measure>
    <!--=======================================================-->
    <measure number="10" width="170">
      <note default-x="16">
        <pitch>
          <step>B</step>
          <octave>3</octave>
        </pitch>
        <duration>8</duration>
        <voice>1</voice>
        <type>whole</type>
        <notations>
          <technical>
            <fingering default-x="2" default-y="-17" placement="above">5</fingering>
            <fingering default-x="2" default-y="-17" placement="above">3</fingering>
            <fingering default-x="3" default-y="-17" placement="above">1</fingering>
          </technical>
        </notations>
      </note>
      <note default-x="16">
        <chord/>
        <pitch>
          <step>D</step>
          <octave>4</octave>
        </pitch>
        <duration>8</duration>
        <voice>1</voice>
        <type>whole</type>
      </note>
      <note default-x="16">
        <chord/>
        <pitch>
          <step>G</step>
          <octave>4</octave>
        </pitch>
        <duration>8</duration>
        <voice>1</voice>
        <type>whole</type>
      </note>
    </measure>
    <!--=======================================================-->
    <measure number="11" width="170">
      <note default-x="16">
        <pitch>
          <step>C</step>
          <octave>4</octave>
        </pitch>
        <duration>8</duration>
        <voice>1</voice>
        <type>whole</type>
        <notations>
          <technical>
            <fingering default-x="2" default-y="-17" placement="above">5</fingering>
            <fingering default-x="2" default-y="-17" placement="above">3</fingering>
            <fingering default-x="3" default-y="-17" placement="above">1</fingering>
          </technical>
        </notations>
      </note>
      <note default-x="16">
        <chord/>
        <pitch>
          <step>E</step>
          <octave>4</octave>
        </pitch>
        <duration>8</duration>
        <voice>1</voice>
        <type>whole</type>
      </note>
      <note default-x="16">
        <chord/>
        <pitch>
          <step>G</step>
          <octave>4</octave>
        </pitch>
        <duration>8</duration>
        <voice>1</voice>
        <type>whole</type>
      </note>
    </measure>
    <!--=======================================================-->
    <measure number="12" width="170">
      <note default-x="16">
        <pitch>
          <step>B</step>
          <octave>3</octave>
        </pitch>
        <duration>8</duration>
        <voice>1</voice>
        <type>whole</type>
        <notations>
          <technical>
            <fingering default-x="2" default-y="-17" placement="above">5</fingering>
            <fingering default-x="2" default-y="-17" placement="above">3</fingering>
            <fingering default-x="3" default-y="-17" placement="above">1</fingering>
          </technical>
        </notations>
      </note>
      <note default-x="16">
        <chord/>
        <pitch>
          <step>D</step>
          <octave>4</octave>
        </pitch>
        <duration>8</duration>
        <voice>1</voice>
        <type>whole</type>
      </note>
      <note default-x="16">
        <chord/>
        <pitch>
          <step>G</step>
          <octave>4</octave>
        </pitch>
        <duration>8</duration>
        <voice>1</voice>
        <type>whole</type>
      </note>
    </measure>
    <!--=======================================================-->
    <measure number="13" width="245">
      <print new-system="yes"/>
      <note default-x="56">
        <pitch>
          <step>C</step>
          <octave>4</octave>
        </pitch>
        <duration>4</duration>
        <voice>1</voice>
        <type>half</type>
        <stem default-y="6">up</stem>
        <notations>
          <technical>
            <fingering default-x="2" default-y="10" placement="above">5</fingering>
            <fingering default-x="2" default-y="10" placement="above">3</fingering>
            <fingering default-x="3" default-y="10" placement="above">1</fingering>
          </technical>
        </notations>
      </note>
      <note default-x="56">
        <chord/>
        <pitch>
          <step>E</step>
          <octave>4</octave>
        </pitch>
        <duration>4</duration>
        <voice>1</voice>
        <type>half</type>
        <stem>up</stem>
      </note>
      <note default-x="56">
        <chord/>
        <pitch>
          <step>G</step>
          <octave>4</octave>
        </pitch>
        <duration>4</duration>
        <voice>1</voice>
        <type>half</type>
        <stem>up</stem>
      </note>
      <note default-x="150">
        <pitch>
          <step>B</step>
          <octave>3</octave>
        </pitch>
        <duration>4</duration>
        <voice>1</voice>
        <type>half</type>
        <stem default-y="6">up</stem>
        <notations>
          <technical>
            <fingering default-x="2" default-y="10" placement="above">5</fingering>
            <fingering default-x="2" default-y="10" placement="above">3</fingering>
            <fingering default-x="3" default-y="10" placement="above">1</fingering>
          </technical>
        </notations>
      </note>
      <note default-x="150">
        <chord/>
        <pitch>
          <step>D</step>
          <octave>4</octave>
        </pitch>
        <duration>4</duration>
        <voice>1</voice>
        <type>half</type>
        <stem>up</stem>
      </note>
      <note default-x="150">
        <chord/>
        <pitch>
          <step>G</step>
          <octave>4</octave>
        </pitch>
        <duration>4</duration>
        <voice>1</voice>
        <type>half</type>
        <stem>up</stem>
      </note>
    </measure>
    <!--=======================================================-->
    <measure number="14" width="206">
      <note default-x="17">
        <pitch>
          <step>C</step>
          <octave>4</octave>
        </pitch>
        <duration>6</duration>
        <voice>1</voice>
        <type>half</type>
        <dot/>
        <stem default-y="6">up</stem>
        <notations>
          <technical>
            <fingering default-x="2" default-y="10" placement="above">5</fingering>
            <fingering default-x="2" default-y="10" placement="above">3</fingering>
            <fingering default-x="3" default-y="10" placement="above">1</fingering>
          </technical>
        </notations>
      </note>
      <note default-x="17">
        <chord/>
        <pitch>
          <step>E</step>
          <octave>4</octave>
        </pitch>
        <duration>6</duration>
        <voice>1</voice>
        <type>half</type>
        <dot/>
        <stem>up</stem>
      </note>
      <note default-x="17">
        <chord/>
        <pitch>
          <step>G</step>
          <octave>4</octave>
        </pitch>
        <duration>6</duration>
        <voice>1</voice>
        <type>half</type>
        <dot/>
        <stem>up</stem>
      </note>
      <note default-x="158">
        <rest/>
        <duration>2</duration>
        <voice>1</voice>
        <type>quarter</type>
      </note>
    </measure>
    <!--=======================================================-->
    <measure number="15" width="206">
      <note default-x="16">
        <pitch>
          <step>C</step>
          <octave>4</octave>
        </pitch>
        <duration>8</duration>
        <voice>1</voice>
        <type>whole</type>
        <notations>
          <technical>
            <fingering default-x="3" default-y="-17" placement="above">5</fingering>
            <fingering default-x="2" default-y="-17" placement="above">3</fingering>
            <fingering default-x="3" default-y="-17" placement="above">1</fingering>
          </technical>
        </notations>
      </note>
      <note default-x="16">
        <chord/>
        <pitch>
          <step>E</step>
          <octave>4</octave>
        </pitch>
        <duration>8</duration>
        <voice>1</voice>
        <type>whole</type>
      </note>
      <note default-x="16">
        <chord/>
        <pitch>
          <step>G</step>
          <octave>4</octave>
        </pitch>
        <duration>8</duration>
        <voice>1</voice>
        <type>whole</type>
      </note>
    </measure>
    <!--=======================================================-->
    <measure number="16" width="206">
      <note default-x="16">
        <pitch>
          <step>B</step>
          <octave>3</octave>
        </pitch>
        <duration>4</duration>
        <voice>1</voice>
        <type>half</type>
        <stem default-y="6">up</stem>
        <notations>
          <technical>
            <fingering default-x="2" default-y="10" placement="above">5</fingering>
            <fingering default-x="2" default-y="10" placement="above">2</fingering>
            <fingering default-x="3" default-y="10" placement="above">1</fingering>
          </technical>
        </notations>
      </note>
      <note default-x="16">
        <chord/>
        <pitch>
          <step>F</step>
          <octave>4</octave>
        </pitch>
        <duration>4</duration>
        <voice>1</voice>
        <type>half</type>
        <stem>up</stem>
      </note>
      <note default-x="28">
        <chord/>
        <pitch>
          <step>G</step>
          <octave>4</octave>
        </pitch>
        <duration>4</duration>
        <voice>1</voice>
        <type>half</type>
        <stem>up</stem>
      </note>
      <note default-x="111">
        <pitch>
          <step>B</step>
          <octave>3</octave>
        </pitch>
        <duration>4</duration>
        <voice>1</voice>
        <type>half</type>
        <stem default-y="6">up</stem>
        <notations>
          <technical>
            <fingering default-x="2" default-y="10" placement="above">5</fingering>
            <fingering default-x="2" default-y="10" placement="above">2</fingering>
            <fingering default-x="3" default-y="10" placement="above">1</fingering>
          </technical>
        </notations>
      </note>
      <note default-x="111">
        <chord/>
        <pitch>
          <step>F</step>
          <octave>4</octave>
        </pitch>
        <duration>4</duration>
        <voice>1</voice>
        <type>half</type>
        <stem>up</stem>
      </note>
      <note default-x="123">
        <chord/>
        <pitch>
          <step>G</step>
          <octave>4</octave>
        </pitch>
        <duration>4</duration>
        <voice>1</voice>
        <type>half</type>
        <stem>up</stem>
      </note>
    </measure>
    <!--=======================================================-->
    <measure number="17" width="197">
      <note default-x="16">
        <pitch>
          <step>C</step>
          <octave>4</octave>
        </pitch>
        <duration>8</duration>
        <voice>1</voice>
        <type>whole</type>
        <notations>
          <technical>
            <fingering default-x="2" default-y="-17" placement="above">5</fingering>
            <fingering default-x="2" default-y="-17" placement="above">3</fingering>
            <fingering default-x="3" default-y="-17" placement="above">1</fingering>
          </technical>
        </notations>
      </note>
      <note default-x="16">
        <chord/>
        <pitch>
          <step>E</step>
          <octave>4</octave>
        </pitch>
        <duration>8</duration>
        <voice>1</voice>
        <type>whole</type>
      </note>
      <note default-x="16">
        <chord/>
        <pitch>
          <step>G</step>
          <octave>4</octave>
        </pitch>
        <duration>8</duration>
        <voice>1</voice>
        <type>whole</type>
      </note>
      <barline location="right">
        <bar-style>light-heavy</bar-style>
      </barline>
    </measure>
  </part>
  <!--=========================================================-->
</score-partwise>
